"投稿日","キャプション"
"2026-08-23","見た目はふつうの人。でも資産100億円。

ある資産形成グループで紹介された人が、100億円を超える資産家だと聞いて、正直ぽかんとしました。

その話を周りにすると、返ってくる言葉はだいたい同じ。
「怖くない？」「怪しくない？」「私には無理」

でも、そう言われるほど気になってしまって。
結局いちばん知りたかったのは、自分だったんですよね。

あれから3年。
最初に口から出たのは「増えた」ではなく「減らなくてよかった」でした。

人生を変えるのは、大きな決断じゃなくて、案外こういう小さな出会いなのかもしれません。

あなたの人生を変えた出会い、ありますか？

─────
#インスタ漫画 #漫画が読めるハッシュタグ #お金の勉強 #資産形成 #お金の話 #ライフプラン #学び直し #人生を変えた出会い #コツコツ #主婦の勉強垢 #40代からの挑戦 #お金と暮らし"
"2026-08-24","「時間を切り売りする」か「資産に働いてもらう」か。

ホワイトボードに並んだ2つの言葉が、いまだに忘れられません。

やっていることの違いじゃなくて、見ている景色の違いなんだ、と。

そしてもうひとつ言われたのが
「孤独を回避することが最大の鍵」。

お金の話だと思って聞きに行ったのに、返ってきたのは人の話でした。

大きく増やすことに執着しない。
減らないことに価値がある。

一度この考え方を知ってしまうと、もう前の自分には戻れませんでした。

守ることと増やすこと、あなたはどちらを先に考えますか？

─────
#インスタ漫画 #漫画が読めるハッシュタグ #お金の勉強 #資産形成 #マインドセット #お金の話 #ライフプラン #学び直し #価値観 #主婦の勉強垢 #生き方 #豊かさとは"
"2026-08-25","いちばん変わったのは、お金じゃなくて時間の使い方でした。

「早くしなきゃ」「間に合わない」が口ぐせだった頃は、いつも誰かに時間を奪われている感覚だったんです。

でも今は、自分で創るものだと思えるようになりました。

心に余裕があるから、人に優しくできる。
順番が逆じゃなかったんですね。

そして言われた言葉が
「影響力を持つということは、責任を持つということ」。

たどり着いたと思った場所が、実はスタートラインでした。

これで第1章はおしまいです。
明日から、新しいお話が始まります。

─────
#インスタ漫画 #漫画が読めるハッシュタグ #時間の使い方 #お金の勉強 #資産形成 #心の余裕 #ライフプラン #学び直し #主婦の勉強垢 #自分時間 #豊かさとは #お金の話"
"2026-08-26","寝る前にチャートを見てしまう人、いませんか？

節約して、勉強して、コツコツ積み立てて。
グラフが右肩上がりになっていくのが嬉しくて、毎日アプリを開いていました。

でもある日から、そのアプリを開くのが怖くなったんです。

「株で大儲け」「億り人続出」「今が買い時」
その言葉に背中を押されて始めて、気づけば身動きが取れなくなっていました。

損切りもできない。やめるにもやめられない。

そのとき初めて出てきた本音が
「もう大きく増えなくていいから、これ以上減らしたくない」でした。

その資産家の人が教えてくれました。

「大きく増やすことより、減らさないことに価値があるんだよ」

─────
#インスタ漫画 #漫画が読めるハッシュタグ #積立投資 #お金の勉強 #資産形成 #投資初心者 #メンタル #お金の話 #ライフプラン #主婦の勉強垢 #コツコツ積立 #お金の不安"
"2026-08-27","「守りを固めることが、最大の攻めになるんだ」

スポーツみたいな話だなと思いながら聞いていました。

でも実際に守りの土台ができてみると、あれだけ張りついていた不安が、本当にすっと軽くなったんです。

速報で「世界市場が大幅下落」と流れてきた日。
以前の私なら一日中スマホを握りしめていたと思います。

その日は、普通にごはんを食べて、普通に眠れました。

ずっと1億円を目標にしていました。
でもたどり着いてみたら、そこは通過点だったんです。

いちばん手に入れたかったものは、数字じゃなくて心の平穏でした。

あなたの目標の、その先には何がありますか？

─────
#インスタ漫画 #漫画が読めるハッシュタグ #お金の勉強 #資産形成 #心の平穏 #投資初心者 #お金の話 #ライフプラン #学び直し #主婦の勉強垢 #お金の不安 #豊かさとは"
"2026-08-28","高校で約100万円、大学で約500万円、留学ならさらに約500万円。

子どもの教育費、ちゃんと調べたことありますか？

並んだ数字を見て、正直いちど青ざめました。
私にできるのかな、って。

でも、あの子たちが夢に向かって輝いている顔を思い浮かべたら、答えは決まっていました。

じゃあどうやって備えよう、と調べ始めたら今度は手が止まって。
株、FX、不動産、暗号資産……どれも失敗できないお金だから。

私が欲しかったのは、一発逆転じゃなくて
「安全性・再現性・継続性」でした。

なぜお金持ちは、ずっとお金持ちでいられるんだろう？

本や動画をやめて、実際に会いに行くことにしました。

─────
#インスタ漫画 #漫画が読めるハッシュタグ #教育費 #子育て #お金の勉強 #学資 #資産形成 #ママの勉強垢 #ライフプラン #お金の話 #教育資金 #子どもの未来"
"2026-08-29","「あなた、変わったわね」

ママ友にそう言われました。
「どうしてそんなに未来のことを穏やかに考えられるの？」

自分では気づいていなかったけれど、たしかに変わったんだと思います。

お金が増えたからじゃなくて、大切なものを守る方法を知ったから。

教えてもらったのは「複利と時間」の話。
小さな芽が、5年後には木になって、15年後には実をつける。

焦っていたときは、時間が敵に見えていたんです。
早くしなきゃ、間に合わない、って。

でも本当は、時間こそが最強の味方でした。

不安がなくなると、顔つきまで変わるみたいです。

─────
#インスタ漫画 #漫画が読めるハッシュタグ #複利 #時間は味方 #お金の勉強 #教育費 #資産形成 #ママの勉強垢 #ライフプラン #お金の話 #コツコツ #子どもの未来"
"2026-08-30","「いくら増やすことを考えても、守れなければ意味がない」

富裕層の「守る哲学」を教えてもらいました。

そして、こう続きます。
「富裕層はね、ただ増やすだけじゃない。減らさない。絶対に減らさない」

増やすことばかりに目がいっていた私には、けっこう衝撃でした。

黒板に書いたのは、豊かさのサイクル。

守る → 育てる → 分かち合う

不思議なもので、分かち合うほどに減るどころか、どんどん広がっていくんです。

たった一人で不安を抱えていたところから始まった話が、気づけばこんなに大勢の景色になっていました。

─────
#インスタ漫画 #漫画が読めるハッシュタグ #資産防衛 #お金の勉強 #資産形成 #守る力 #分かち合い #ライフプラン #お金の話 #主婦の勉強垢 #学び直し #豊かさとは"
"2026-08-31","久しぶりに会った友達の顔を見て、言葉が出ませんでした。

目の下にはクマ。
会話の途中でも、何度もスマホをのぞき込む。

「また損が出てる…眠れないよ」

心が、すり減っちゃってるね。
それって本当に、あなたが望んだ投資だったのかな。

「ここは戦場よ。勝つか負けるか」

そう言う友達に、私はこう言いました。
「その勝ち負けの土俵から、降りませんか？」

「あの戦場から降りてもいいなんて、知らなかった…」

知らないだけで、選択肢がないと思い込んでしまうことって、ありますよね。

争いに勝つことが幸せじゃない。
平和を築くことが、一番の勝利なの。

─────
#インスタ漫画 #漫画が読めるハッシュタグ #投資疲れ #お金の勉強 #メンタルヘルス #資産形成 #お金の話 #ライフプラン #主婦の勉強垢 #心の余裕 #生き方 #お金の不安"
"2026-09-01","「守りの土台ができたから、もう迷わない」

自分が教わったことを話しているだけなのに、それが誰かの力になっている。
不思議な感覚でした。

安心って、増えた金額のことじゃないんだなと、あらためて思います。

持ち寄りのごはんを囲んで、笑いながら話す。
ただそれだけの時間。

でも「この時間が、一番の財産ですね」という一言に、全員がうなずきました。

いちばん増やしたかったのは、たぶんこれだったんだと思います。

守る力は、もう手に入れた。
じゃあ次は何のために使おう。

あなたにとっての「一番の財産」って、何ですか？

─────
#インスタ漫画 #漫画が読めるハッシュタグ #お金の勉強 #資産形成 #つながり #分かち合い #お金の話 #ライフプラン #主婦の勉強垢 #豊かさとは #人生の財産 #学び直し"
"2026-09-02","「資産とは、黄金の山ではない。それを育む土壌の豊かさのことなんだよ」

師匠に「原点を見せてあげよう」と連れて行かれたのは、豪華なオフィスではなく、小さな庭でした。

土を整えれば、実は自然と結ぶもの。
急いで実を採ろうとしていた自分が、少し恥ずかしくなりました。

卒業式の日、子どもに言われました。

「お母さんの守ってくれた土台があったから、私たちはどこまでも飛べた」

土台をつくるのは、地味で、目立たなくて、誰にも褒められない作業です。
でも、それが誰かの翼になる。

豊かさとは、奪い合うものではなく、循環させるもの。

長いお話に、最後までお付き合いいただきありがとうございました。

─────
#インスタ漫画 #漫画が読めるハッシュタグ #お金の勉強 #資産形成 #次世代へ #子育て #お金の話 #ライフプラン #主婦の勉強垢 #豊かさとは #土台づくり #学び直し"
"2026-09-03","退職まで、あと少し。

お給料があったから、毎日をそれなりに楽しめていました。
貯金もこつこつ続けてきました。

でも、ふと立ち止まって思うんです。

これを切り崩して暮らしていって、本当に大丈夫なのかな。
私は、いつまで元気でいられるのかな。

「退職金が入ると営業電話が来る」という話、聞いたことありますか？
実際、鳴りやまないそうです。詐欺の話も耳に入ってくる。

かといって、株やFXを今から勉強してできるかというと、それも自信がない。

人生の先輩に相談したら、こう言われました。

「大切なのは、急いで増やすことではないのよ」

急がなくていい、と言ってもらえるだけで救われることってありますよね。

─────
#インスタ漫画 #漫画が読めるハッシュタグ #老後資金 #退職金 #セカンドライフ #お金の勉強 #資産形成 #ライフプラン #お金の話 #50代 #60代 #お金の不安"
"2026-09-04","「価値が上下に変動するものだけで運用しているわけではないの」

資産家の方から学んだこと、として教えてもらった話です。

増やす方法ばかり探していた私には、なかった発想でした。
お金を増やすことだけじゃなく、価値を守るという視点。

ただし「実物資産ならなんでもいい」わけではないそうで。

取得 → 運用 → 出口

大切なのは、出口が読めるかどうか。
将来の価値を支える根拠まで調べること。

そして言われたのが
「まずは資本主義の仕組みを理解することから始めましょう」。

働く側の視点だけでは、見えにくい世界がある。

誰に学ぶかを選ぶって、大事ですね。

─────
#インスタ漫画 #漫画が読めるハッシュタグ #お金の勉強 #実物資産 #資産形成 #学び直し #ライフプラン #お金の話 #老後資金 #主婦の勉強垢 #金融リテラシー #出口戦略"
"2026-09-05","教わったことを、さっそくやってみました。

ノートを「消費・浪費・投資」の3つに分けて、使うお金と守るお金を分ける。

たったこれだけなのに、自分が何にお金を使っていたかがはっきり見えました。

そんなとき、スマホに届いた「本日中のお申し込みで」の文字。

急いで決めてください、と言われるほど、逆に立ち止まったほうがいいのかもしれません。

・利率が高い＝リスクが高い
・金額が小さすぎないか
・出口が決まっているか

踊らないことも、自分の資産を守る力。

「何を選ぶか」の前に「どう判断するか」を考える。

本当の資産は、お金だけじゃない。
自分の未来を、自分で作れるようになりたいです。

─────
#インスタ漫画 #漫画が読めるハッシュタグ #家計管理 #お金の勉強 #資産形成 #詐欺対策 #ライフプラン #お金の話 #老後資金 #主婦の勉強垢 #金融リテラシー #判断軸"
"2026-09-06","「まずは今のあなたより少し先を歩く人を見つけなさい」

「成長したいけれど、何から始めればいいですか？」
そう聞いたときの答えでした。

遠くのすごい人に憧れているだけだと、まぶしくて動けないんですよね。

時間の使い方、約束の守り方、考え方。
まねできる小さな一歩から。

一か月、教わったことを一つずつ試して、3列のノートに書いてみました。

「聞いたこと」「やったこと」「気づいたこと」
うまくできなかったことも、正直に。

素直に行動して、相談して、報告して、また行動する。
それだけなんですけど、これがいちばん効きました。

あなたが今、いちばん近くで見ている人は誰ですか？

─────
#インスタ漫画 #漫画が読めるハッシュタグ #学び直し #メンター #自己成長 #お金の勉強 #ライフプラン #主婦の勉強垢 #ノート術 #行動力 #お金の話 #人生を変える"
"2026-09-07","「ここでは何を増やすかより、何を守るかを話すの」

紹介されて、ある会に参加しました。
看板には「資産を長期で考える会」。

入る前に自分に言い聞かせたのは
「情報をもらうためじゃない、学ぶために来たんだ」ということ。

そこで最初に言われたのが、冒頭の言葉です。
順番が逆だったな、と思いました。

ノートに書いたのは3つ。

守る → 整える → 選ぶ

そしてもうひとつ、救われた言葉がこれでした。

「大きなリスクを取って、自分を証明する必要はないんです」

どこかで「勝負しなきゃ本気じゃない」と思っていた気がします。

急がない。理解して選ぶ。守れる範囲で。

─────
#インスタ漫画 #漫画が読めるハッシュタグ #お金の勉強 #資産形成 #守る力 #学び直し #ライフプラン #お金の話 #主婦の勉強垢 #リスク管理 #金融リテラシー #焦らない"
"2026-09-08","「まずは目的と範囲を決めて、理解できることから始めるの」

初めての一歩で大切なこと、として教わりました。

チェックリストに書いたのは
・余剰資金の一部で
・目的を言葉にする
・困るお金は使わない

生活を守るお金は、別にしてあります。

数か月後、スマホに「〇〇ショック」の通知が流れてきました。

前の私なら、その日は何も手につかなかったと思います。
でも今回は、ノートを開いて「私は何のために始めたんだっけ」に戻れました。

そしてある日、急に水道の修理が必要に。

別にしておいたお金があったから、落ち着いて対応できました。

初めての成果は、増えた数字だけではないのよ。

─────
#インスタ漫画 #漫画が読めるハッシュタグ #お金の勉強 #投資初心者 #資産形成 #家計管理 #ライフプラン #お金の話 #主婦の勉強垢 #小さく始める #生活防衛資金 #学び直し"
"2026-09-09","「借入は悪いことだと、ずっと思っていました」

正直にそう言ったら、返ってきたのは

「借入そのものが悪なのではなく、使い方と条件が大切なの」

そのお金の流れがプラスになるのか、マイナスになるのか。
負担になる借入と、目的のある借入は違う。

確認すべきは3つ。
金利／期間／キャッシュフロー

大切なのは、差を追うことより出口を見極めること。

「では、私が真似するべきなのは借りることですか？」

「いいえ、信用信頼を積み上げることよ。借りるには、それが必須になるわ」

小さな差を追う前に、土台を整える。

固定観念を手放すって、けっこう体力がいりますね。

─────
#インスタ漫画 #漫画が読めるハッシュタグ #お金の勉強 #レバレッジ #金融リテラシー #資産形成 #ライフプラン #お金の話 #主婦の勉強垢 #学び直し #信用 #固定観念"
"2026-09-10","「最近、雰囲気が変わったね。何を学んでいるの？」

友達に聞かれて、こう答えました。
「借入を悪と決めつけずに、仕組みを考えることを学んでいるの」

「でも負債って、やっぱり怖くない？」

怖いのは、返せない借入と目的のない借入。
だからこそ条件を見て、無理なく続けられるかを考える。

見るべきはこの3つ。
収入と返済／条件の変化／最悪のとき

金額の大きさより、流れを見る。

「前のあなたなら、怖いで終わっていたかもね」

答えを急がずに、ちゃんと考えられるようになった。
それだけでも、変わったんだと思います。

学んだことを一人で抱えず、一緒に考えていけたらうれしいな。

─────
#インスタ漫画 #漫画が読めるハッシュタグ #お金の勉強 #金融リテラシー #資産形成 #友達 #ライフプラン #お金の話 #主婦の勉強垢 #学び直し #考える力 #成長"
"2026-09-11","「次の学びは、誰と信頼を育てるかよ」

私はまだ学ぶことばかりで、何ができるんだろうと思っていました。

管理、法務、会計。
それぞれに役割があって、それを尊重すること。

長い関係は、正確な報告と誠実さから始まります。

「信頼は、紹介を待つことではなく、約束を守ることから育ちます」

だから、小さなことほど正確に返す。

「丁寧に聞いてくれて安心しました」
この一言が、どんな成果より嬉しかったです。

そして言われたのが

「人脈は人数ではないの。互いに成長できる関係よ」

数ばかり気にしていた自分が、少し恥ずかしくなりました。

─────
#インスタ漫画 #漫画が読めるハッシュタグ #信頼関係 #お金の勉強 #仕事の姿勢 #資産形成 #ライフプラン #お金の話 #主婦の勉強垢 #人脈 #誠実さ #学び直し"
"2026-09-12","「答えを与える人ではなく、考える力を支える人になるのよ」

「次の段階では、あなたにも伴走してほしいの」
私がメンター役なんて、まだ早いと思いました。

でも、その言葉で少し肩の力が抜けました。

相談に来た方に「何を選べばいいのか分からなくて」と言われたとき、答えを出したくなる気持ちをぐっとこらえて、こう聞きました。

目的は？
分からないことは？
心配なことは？

書き出しただけで「自分で考える順番が見えてきました」と。

答えより先に、質問を整理する。これ、効きます。

「良いメンターは、答えを持つ人ではなく、学び続ける人よ」

─────
#インスタ漫画 #漫画が読めるハッシュタグ #メンター #学び直し #お金の勉強 #考える力 #ライフプラン #お金の話 #主婦の勉強垢 #伴走 #質問力 #自己成長"
"2026-09-13","「今度はあなたが、小さな学びの会を開いてみない？」

私にできるでしょうか、と口に出したら

「あなたらしい明るさで、みんなの考える力を引き出して」

うまくやろうとしなくていいんだ、と思えました。

会を開いたら、まったく逆の声が出ました。

「早く答えを知って、次に進みたいです」
「私はまだ不安で、もう少し考えたいです」

どちらが正しいかではなく、どちらの気持ちも大切。

そこでボードを3つに分けました。
今できること／聞いて確かめること／待つこと

終わったあと、こう言ってもらえました。

「答えをもらうより、自分で考えられた気がします」

これ以上ない感想だと思いました。

─────
#インスタ漫画 #漫画が読めるハッシュタグ #学びの場 #お金の勉強 #コミュニティ #考える力 #ライフプラン #お金の話 #主婦の勉強垢 #ワークショップ #学び直し #仲間"
"2026-09-14","「必要になる時期も金額も、なんとなくで不安」

相談に来た方の言葉です。これ、すごくよく分かります。

だから、まず見えるようにしました。

いつ？／何に？／どれくらい？

小学校、中学校、高校、大学。
並べただけで「不安だったことが少し整理できました」と。

別の方は「貯金はしてきたけど、情報が多すぎて動けないんです」。

SNS、動画、ランキング、おすすめ。
全部を追いかけようとすると、かえって手が止まりますよね。

そしてまた別の方は、親の相続で戸惑っていました。

急いで一人で決めなくて大丈夫です。
まず整理して、必要なら専門家にも聞く。

もやもやの正体は、たいてい「見えていないこと」なんですよね。

─────
#インスタ漫画 #漫画が読めるハッシュタグ #教育費 #相続 #お金の勉強 #情報整理 #ライフプラン #お金の話 #主婦の勉強垢 #家計管理 #お金の不安 #学び直し"
"2026-09-15","貯金はある。でも、これでいいのかな。

通帳を見ながら、時間だけが過ぎていく感じがしていました。

何から学べばいいの？

スマホを開いて、情報の海に飛び込んで、結局そっと閉じる。
あの時間が、いちばんしんどかったです。

知らないことが多いんじゃなくて、順番が分からないだけだったんですけどね。

そのことに気づくまで、しばらくかかりました。

考えているだけの時間を、いったん終わりにしました。

答えを探しに行こう。

ドアノブに手をかけるまでが長かったけれど、開けてみたら、思っていたよりずっと明るかったです。

最初の一歩って、たぶん誰にとっても重いんだと思います。
でも、重いのは踏み出す前だけでした。

─────
#インスタ漫画 #漫画が読めるハッシュタグ #最初の一歩 #お金の勉強 #お金の不安 #行動力 #ライフプラン #お金の話 #主婦の勉強垢 #学び直し #一歩踏み出す #貯金"
"2026-09-16","「お金持ちに学ぼう」

本や動画で探すのをやめて、実際に会いに行くことにしました。

向かい合って話すと、数字の話より先に、考え方や姿勢の話になるんですよね。

そして、まずは真似してみる。

完全に理解してから動こうとすると、たいてい動けないままなんです。

順番をそのままなぞって、やってみて、確かめる。
繰り返すうちに、少しずつ「なぜそうするのか」が分かってきました。

教わって、真似して、確かめて。

そのあとに残るのは、結局「自分で決める」という一点でした。

誰かに決めてもらったことは、うまくいっても不安が残る。

目を開けて、深呼吸して、決める。

─────
#インスタ漫画 #漫画が読めるハッシュタグ #お金の勉強 #学び方 #自分で決める #ライフプラン #お金の話 #主婦の勉強垢 #行動力 #学び直し #自己成長 #まずは真似"
"2026-09-17","増やす方法より先に、減らない仕組み。

ずっとそう教わってきました。

派手さはないし、誰かに自慢できる話でもないんですけど、これがあるだけで夜よく眠れます。

そして最近は「使い方」も同じくらい大事だと思っています。

何のために貯めたのか。
誰のために使うのか。

そこが決まっていないと、いくらあっても足りない気がしてしまうんですよね。

長いお話に、最後までお付き合いいただきありがとうございました。

何を持っているかではなく、どう在るかで選ぶ。

友達と話すとき、家族と過ごすとき、これからの道を決めるとき。
結局そこに戻ってくるんだと思います。

ここまで読んでくださった方に、いいことがありますように。

─────
#インスタ漫画 #漫画が読めるハッシュタグ #お金の勉強 #資産形成 #生き方 #ライフプラン #お金の話 #主婦の勉強垢 #豊かさとは #最終回 #ありがとう #学び直し"
"2026-09-22","今日から新しいお話を始めます。

「お金を増やす方法は、働くことだけ」

ずっとそう思っていました。朝起きて、働いて、疲れて寝る。それ以外の方法なんて、考えたこともなかったんです。

でもある日ふと思いました。この考え方、いったい誰に教わったんだろう？って。

あなたは、どう思っていましたか？

毎朝6時に1ページずつ、続きを投稿していきます。

─────
#インスタ漫画 #漫画が読めるハッシュタグ #コミックエッセイ #お金の勉強 #お金の話 #資産形成 #投資初心者 #失敗談 #学び直し #ライフプラン #40代の学び #主婦の勉強垢"
"2026-09-23","学校で習ったのは「働いてお金をもらう」ことだけでした。

だから、もっと稼ぐにはもっと働くしかない。本気でそう思っていたんです。

お給料日にホッとして、気づけば月末。その繰り返し。

今思えば、完全に""労働脳""でした。

お金のこと、学校で教わった記憶ありますか？

お給料が入った日の安心感と、月末の財布の軽さ。その差を、ずっと「頑張りが足りないから」だと思っていました。

─────
#インスタ漫画 #漫画が読めるハッシュタグ #コミックエッセイ #お金の勉強 #お金の話 #資産形成 #投資初心者 #失敗談 #学び直し #ライフプラン #40代の学び #主婦の勉強垢"
"2026-09-24","友達がふと言ったんです。「お金にも働いてもらえばいいんだよ」って。

正直、最初は「何それ、怪しい…」でした（笑）

でもその日から、本屋さんでもスマホでもカフェでも、お金の話ばかり目に入るように。

カラーバス効果っていうんだそうです。情報は前からそこにあった。私が見ていなかっただけでした。

赤い車が欲しいと思った途端、街じゅう赤い車だらけに見える。あれと同じことが、お金の情報で起きました。

─────
#インスタ漫画 #漫画が読めるハッシュタグ #コミックエッセイ #お金の勉強 #お金の話 #資産形成 #投資初心者 #失敗談 #学び直し #ライフプラン #40代の学び #主婦の勉強垢"
"2026-09-25","調べ始めたら、今度は情報が多すぎました。

株がいい。いや不動産だ。これからは仮想通貨。FXで月100万。積立こそ最強。

言っていることがみんなバラバラで、調べるほど分からなくなって。

夜中の2時半、スマホを握りしめて「結局、何が正解なの？」ってつぶやいていました。

同じ夜、過ごしたことありませんか？

情報が少なくて困ったことはなかったんです。多すぎて、選べなかった。

─────
#インスタ漫画 #漫画が読めるハッシュタグ #コミックエッセイ #お金の勉強 #お金の話 #資産形成 #投資初心者 #失敗談 #学び直し #ライフプラン #40代の学び #主婦の勉強垢"
"2026-09-26","そして焦った私は、やってしまいます。

「今すぐ始めないと乗り遅れる」と思い込んで、SNSで見た""絶対儲かる""話に飛びつきました。

上がったら欲張って、下がったら怖くなって売って。

画面に出た「−120,000円」。

「やっぱり私には向いてない」って、布団の中で丸くなりました。

恥ずかしいけど、これが私のスタートです。

教科書どおりの失敗パターンを、ひと通り全部やりました。でも今なら言えます。あの失敗があったから、何が危ないのかを体で覚えられたんだって。

─────
#インスタ漫画 #漫画が読めるハッシュタグ #コミックエッセイ #お金の勉強 #お金の話 #資産形成 #投資初心者 #失敗談 #学び直し #ライフプラン #40代の学び #主婦の勉強垢"
"2026-09-27","そんなとき、紹介で出会ったのが、穏やかで上品な資産家の女性でした。

儲かる話はひとつもしない。代わりに言われたのがこの言葉です。

「増やすことより、減らさないことの方が大事だよ」
「急いでお金持ちになろうとする人ほど、お金が逃げていくんだよ」

雷が落ちたみたいでした。私がやっていたのは、まさに""急ぐ""ことだったから。

もっとギラギラした人を想像していました。実際は、驚くほど穏やかで、焦っていなくて、人の話をよく聞く人でした。

─────
#インスタ漫画 #漫画が読めるハッシュタグ #コミックエッセイ #お金の勉強 #お金の話 #資産形成 #投資初心者 #失敗談 #学び直し #ライフプラン #40代の学び #主婦の勉強垢"
"2026-09-28","その人たちを見ていて、やっと分かったことがあります。

労働脳は「自分が働いてお金を得る」。
投資脳は「お金に働いてもらう」。
資産家脳は「お金を守りながら、時間と人生を取り戻す」。

同じお金の話なのに、見ている景色がまるで違いました。

あなたは今、どの景色にいますか？

どれが偉いという話ではありません。私は長いこと、ひとつ目の景色しか知らなかった。それだけのことでした。

─────
#インスタ漫画 #漫画が読めるハッシュタグ #コミックエッセイ #お金の勉強 #お金の話 #資産形成 #投資初心者 #失敗談 #学び直し #ライフプラン #40代の学び #主婦の勉強垢"
"2026-09-29","短期の欲を追うと、判断を誤りやすい。
焦らず、長い目で見る。

寝ている間も、旅行中も、子どもと遊んでいる間も、お金が動いてくれる仕組みが世の中にはあるそうです。

知っている人と知らない人で、10年後、20年後がじわじわ変わってくる。

時間を味方につけよう、と思いました。

知っているかどうか。それだけの差が、時間をかけて大きくなっていくのだと思います。

─────
#インスタ漫画 #漫画が読めるハッシュタグ #コミックエッセイ #お金の勉強 #お金の話 #資産形成 #投資初心者 #失敗談 #学び直し #ライフプラン #40代の学び #主婦の勉強垢"
"2026-09-30","遠回りしたし、たくさん失敗もしました。

でも、だからこそ言えることがあります。

焦らなくていい。全部わからなくていい。

大事なのは「誰から学ぶか」と「知ろうとし続けるか」だけ。

今日より明日、少しだけ視野を広げてみる。それだけでいいんだと思います。

特別な人だけができることではありません。怖いことでもありません。

─────
#インスタ漫画 #漫画が読めるハッシュタグ #コミックエッセイ #お金の勉強 #お金の話 #資産形成 #投資初心者 #失敗談 #学び直し #ライフプラン #40代の学び #主婦の勉強垢"
"2026-10-01","誰から学ぶかで、結果は変わる。

高級車、腕時計、シャンパン。SNSには派手に儲かった話があふれています。でも、それだけでは判断できません。

私が教わったのは、資産額だけを見るのではなく、長い実績、リスクの管理、誠実さ、再現性まで確かめること。

あなたは、誰から学んでいますか？

見せ方が上手い人と、長く守り続けてきた人は、必ずしも同じではありません。

─────
#インスタ漫画 #漫画が読めるハッシュタグ #コミックエッセイ #お金の勉強 #お金の話 #資産形成 #投資初心者 #失敗談 #学び直し #ライフプラン #40代の学び #主婦の勉強垢"
"2026-10-02","「すぐに買う前に、準備することがあるんだ」

資産家の女性に最初に言われたのは、意外にも地味なことでした。

まず、自分のお金の流れを知る。毎月いくら入って、いくら出ているか。
次に、目的と期間を決める。

そして「月利◯◯%」のような、ありえない数字で勧誘してくるものには、お金を入れない。

ここ、本当に大事です。

家計、リスク管理、長期目線、学びの習慣。私のノートに最初に書いたのは、この4つでした。

─────
#インスタ漫画 #漫画が読めるハッシュタグ #コミックエッセイ #お金の勉強 #お金の話 #資産形成 #家計管理 #家計見直し #固定費削減 #生活防衛資金 #先取り貯金 #主婦の勉強垢"
"2026-10-03","成功は、一発逆転ではなく、続けられる仕組みから生まれる。

だから今日やることは、ひとつだけ。家計を確認すること。

信頼できる人から学んで、小さく始めて、記録して、見直す。春も夏も秋も冬も、それを続けるだけ。

地味だけど、これがいちばん効くと思っています。

あなたの「続いていること」、何ですか？

短期的な欲を追うほど、判断は焦りやすくなる。これは買い物でも、お金の運用でも同じでした。

─────
#インスタ漫画 #漫画が読めるハッシュタグ #コミックエッセイ #お金の勉強 #お金の話 #資産形成 #家計管理 #家計見直し #固定費削減 #生活防衛資金 #先取り貯金 #主婦の勉強垢"
"2026-10-04","家計を見直すとき、最初に決めたことがあります。

「責めない」こと。

毎月いくら入って、いくら出ているか。固定費、変動費、臨時の支出に分けて書き出すだけ。

分からないままが、いちばん不安を大きくするんですよね。

見えるようになると、次にやることが自然と分かりました。

レシートの山を前に頭を抱えていた頃の私に言いたいです。反省会はいらない。まず、見えるようにするだけでいいよ、と。

─────
#インスタ漫画 #漫画が読めるハッシュタグ #コミックエッセイ #お金の勉強 #お金の話 #資産形成 #家計管理 #家計見直し #固定費削減 #生活防衛資金 #先取り貯金 #主婦の勉強垢"
"2026-10-05","見直すなら、まず固定費から。

一度決めると、毎月勝手に出ていくお金だからです。通信費、サブスク、保険、住居費。

ただ、全部を削るのではなく、満足度の低いものから。安くする前に、必要な保障や条件はちゃんと確認して。

そして浮いたお金は、安心のために先取りする。

使っていないサブスク、ありませんか？

浮いたお金を「ご褒美」にしないで、先に取り分けておく。これだけで、次の一歩がずいぶん楽になりました。

─────
#インスタ漫画 #漫画が読めるハッシュタグ #コミックエッセイ #お金の勉強 #お金の話 #資産形成 #家計管理 #家計見直し #固定費削減 #生活防衛資金 #先取り貯金 #主婦の勉強垢"
"2026-10-06","投資の前に、まず守るお金を作る。

病気、失業、急な修理、家族の事情。「もしも」のためのクッションが、生活防衛資金です。

一般的には、生活費の3〜6か月分がひとつの目安。収入が不安定なら、もっと長めに考えることもあります。

増やす前に、生活を守る。

これがあるだけで、心の余裕がまったく違いました。

私はそれでも不安だったので、多めに見積もりました。自分が安心できる金額でいいんだと思います。

─────
#インスタ漫画 #漫画が読めるハッシュタグ #コミックエッセイ #お金の勉強 #お金の話 #資産形成 #家計管理 #家計見直し #固定費削減 #生活防衛資金 #先取り貯金 #主婦の勉強垢"
"2026-10-07","一人で情報を追い続けると、また迷ってしまう。

「今が買い！」「絶対に上がる！」「これを買えば間違いない！」

スマホの中は、相変わらずにぎやかです。

でも投資の第一歩は、買うことではありませんでした。どんな人たちと、どんな考え方を学ぶのか。環境を選ぶことだったんです。

あなたは誰と、お金の話をしていますか？

環境が変わると、判断の基準も少しずつ変わっていきます。

─────
#インスタ漫画 #漫画が読めるハッシュタグ #コミックエッセイ #お金の勉強 #お金の話 #資産形成 #長期目線 #投資初心者 #お金の不安 #記録習慣 #学び直し #ライフプラン"
"2026-10-08","「資産を築くには、知識だけでなく習慣が必要です」

まず、生活を守る。
次に、分かるものだけを選ぶ。
短期の値動きより、長期の仕組みを見る。
人の言葉を信じる前に、自分で確認する。

聞きながら気づきました。この人は、儲かる商品ではなく、判断の仕方を教えてくれているんだ、と。

一度聞いて終わりではなく、続けて学ぶ。それが、いちばん難しくて、いちばん大事なことでした。

─────
#インスタ漫画 #漫画が読めるハッシュタグ #コミックエッセイ #お金の勉強 #お金の話 #資産形成 #長期目線 #投資初心者 #お金の不安 #記録習慣 #学び直し #ライフプラン"
"2026-10-09","いい環境に身を置けば、それで成功するわけではありません。

仲間と学びながらも、最後は自分で判断する。
小さく行動して、記録する。
短期の値動きに一喜一憂しない。

良い環境は、答えをくれる場所ではなくて、自分で考え続ける力を育てる場所なんだと思います。

誰かに正解を教えてもらうより、自分で確かめられるようになることのほうが、ずっと長く役に立ちます。

─────
#インスタ漫画 #漫画が読めるハッシュタグ #コミックエッセイ #お金の勉強 #お金の話 #資産形成 #長期目線 #投資初心者 #お金の不安 #記録習慣 #学び直し #ライフプラン"
"2026-10-10","学んだら、次は小さく行動してみる。

でも、生活を削ってまで始めない。

目的、期間、無理のない金額。それを先に決めてから。分からないことは、確認してから動く。

最初の目標は、大きく増やすことじゃありません。

仕組みを理解して、続けられる一歩を選ぶこと。

生活を削って始めたものは、長く続きません。以前の私が、まさにそうでした。

─────
#インスタ漫画 #漫画が読めるハッシュタグ #コミックエッセイ #お金の勉強 #お金の話 #資産形成 #長期目線 #投資初心者 #お金の不安 #記録習慣 #学び直し #ライフプラン"
"2026-10-11","値動きを見て、不安になる日があります。

でも、不安だからといって、すぐに行動しなくていい。

そんな日は、ノートを開いて、始めた理由と考えている期間を読み返します。

日付、目的、判断した理由、感じたこと。感情と事実を分けて書いておく。

記録は、未来の自分を落ち着かせる材料になるんです。

今日、何を考えて行動しましたか？ 一行だけでも書いておくと、あとで自分を助けてくれます。

─────
#インスタ漫画 #漫画が読めるハッシュタグ #コミックエッセイ #お金の勉強 #お金の話 #資産形成 #長期目線 #投資初心者 #お金の不安 #記録習慣 #学び直し #ライフプラン"
"2026-10-12","記録を続けていると、自分の感情のクセが見えてきます。

焦ったときほど、いったん立ち止まる。分からないときは、調べる。質問する。

運用のプロになることが目標ではありません。

投資は、感情を無視することではなくて、感情に気づいて、考えて行動できる自分を作ること。

あなたの「焦りのクセ」、どんなときに出ますか？

私のクセは「周りが盛り上がっているとき」に出ます。分かってからは、そういう日ほど何もしないようにしています。

─────
#インスタ漫画 #漫画が読めるハッシュタグ #コミックエッセイ #お金の勉強 #お金の話 #資産形成 #長期目線 #投資初心者 #お金の不安 #記録習慣 #学び直し #ライフプラン"
"2026-10-13","あれから、1年。

資産額だけを見れば、毎月上がったり下がったりしています。

でも本当に変わったのは、私の行動でした。

家計を確認する。学ぶ。記録する。振り返る。

お金との向き合い方が少しずつ変わっていって、今は昔の自分とは違う安心感があります。

春、夏、秋、冬。特別なことは何もしていません。同じことを、同じように続けただけです。

─────
#インスタ漫画 #漫画が読めるハッシュタグ #コミックエッセイ #お金の勉強 #お金の話 #資産形成 #長期目線 #投資初心者 #お金の不安 #記録習慣 #学び直し #ライフプラン"
"2026-10-14","今度は私が、話を聞いてもらう側から、話す側になりました。

「私がやったことを、そのまま真似しなくて大丈夫」
「焦って始めなくてもいいよ」
「分からないことは、一緒に調べよう」

良い学びは、誰かを焦らせるのではなく、考えるきっかけを渡すものだと思っています。

「投資って、何かをすぐに買うことだけじゃないんだね」。そう言ってもらえたとき、いちばん嬉しかったです。

─────
#インスタ漫画 #漫画が読めるハッシュタグ #コミックエッセイ #お金の勉強 #お金の話 #資産形成 #長期目線 #投資初心者 #お金の不安 #記録習慣 #学び直し #ライフプラン"
"2026-10-15","お金を増やすことだけが、目的じゃなかったんです。

お金を守って、時間の使い方を選べるようになること。

完璧じゃなくても、昨日より少し前に進めばいい。

お金に追われる人生から、人生のためにお金を考える毎日へ。

あなたにとって、お金は何のためのものですか？

焦らず、学び、記録し、見直していく。それだけで、見える景色はちゃんと変わりました。

─────
#インスタ漫画 #漫画が読めるハッシュタグ #コミックエッセイ #お金の勉強 #お金の話 #資産形成 #長期目線 #投資初心者 #お金の不安 #記録習慣 #学び直し #ライフプラン"
"2026-10-16","続けているのに、「これでいいのかな？」と思う日があります。

SNSを開けば、周りはもっと増やしているように見える。値動きがあると、やっぱり不安になる。

でも、迷うこと自体は悪いことじゃありません。

そんな日は、何に不安を感じているのかを、まず書き出してみることにしています。

短期的な結果と、長期の目標。不安になるのは、たいてい前者を見ているときでした。

─────
#インスタ漫画 #漫画が読めるハッシュタグ #コミックエッセイ #お金の勉強 #お金の話 #資産形成 #長期目線 #投資初心者 #お金の不安 #記録習慣 #学び直し #ライフプラン"
"2026-10-17","不安の正体を、分けて考えてみる。

家計の問題？ 目的の問題？ 期間の問題？
それとも、情報を見すぎて焦っているだけ？

分けてみると、意外と「感情」だったりします。

感情が強いときは、すぐに決めない。

立ち止まることも、資産を守る立派な行動なんです。

家計・目的・期間・情報・感情。この5つに分けて書き出すと、頭の中のもやもやがかなり整理されます。

─────
#インスタ漫画 #漫画が読めるハッシュタグ #コミックエッセイ #お金の勉強 #お金の話 #資産形成 #長期目線 #投資初心者 #お金の不安 #記録習慣 #学び直し #ライフプラン"
"2026-10-18","不安がなくなるのを、待たなくていい。

不安に気づいて、考えて、行動を選べばいいんです。

計画は、生活に合わせて見直していい。続けることは、無理をすることじゃない。

迷いながらでも、前に進める。

不安と向き合う力も、資産形成の一部なんだと思います。

自分のペースで、長い目で積み重ねる。それができれば十分です。

─────
#インスタ漫画 #漫画が読めるハッシュタグ #コミックエッセイ #お金の勉強 #お金の話 #資産形成 #長期目線 #投資初心者 #お金の不安 #記録習慣 #学び直し #ライフプラン"
"2026-10-19","家族や仲間とお金の話をするとき、いきなり金額から始めなくていいんです。

まずは、将来どう暮らしたいか。

何を大切にしたい？
いつ、どんなことにお金を使いたい？

目標を共有すると、不思議と協力しやすくなります。

ご家庭で、お金の話ってしますか？

金額の話から入ると、どうしても責め合いになりがちです。夢の話から入ると、同じ方向を向けます。

─────
#インスタ漫画 #漫画が読めるハッシュタグ #コミックエッセイ #お金の勉強 #お金の話 #資産形成 #家族で話そう #ライフプラン #目標設定 #家計管理 #お金の話し合い #主婦の勉強垢"
"2026-10-20","目標を、時間軸で分けてみる。

近い目標は、緊急時の備えや、学び、生活の見直し。
数年後は、スキルアップや旅行、習い事。
将来は、家族との時間や安定した暮らし、やりたいことへの挑戦。

全部を同時に叶えなくていい。

大切な順番を、一緒に決めていけばいいんです。

教育費と老後資金、どちらも大事で動けなくなっていたとき、この分け方に救われました。

─────
#インスタ漫画 #漫画が読めるハッシュタグ #コミックエッセイ #お金の勉強 #お金の話 #資産形成 #家族で話そう #ライフプラン #目標設定 #家計管理 #お金の話し合い #主婦の勉強垢"
"2026-10-21","目標を共有するのは、答えを押しつけるためじゃありません。

今の状況と、次の一歩を確認するため。

意見が違っても、お互いの目標を確認する。一人で抱えないと、続けやすくなるんです。

お金の目標は、人生の目標と一緒に考える。

同じ未来を見ながら、それぞれのペースで進んでいけたらと思います。

進捗の確認、困りごとの共有、次の小さな行動。話す内容は、この3つだけで十分でした。

─────
#インスタ漫画 #漫画が読めるハッシュタグ #コミックエッセイ #お金の勉強 #お金の話 #資産形成 #家族で話そう #ライフプラン #目標設定 #家計管理 #お金の話し合い #主婦の勉強垢"
"2026-10-22","働くことは、大切な収入と経験を生んでくれます。

でも、使える時間には限界がある。1日は24時間。体はひとつしかありません。

働く時間を増やし続けるだけでは、いつか限界が来る。

労働の限界に気づくことは、働くことを否定することじゃないんです。

別の仕組みを知る、というだけのこと。

夜のオフィスで時計を見ながら、「これをあと何年続けるんだろう」と思ったことがあります。

─────
#インスタ漫画 #漫画が読めるハッシュタグ #コミックエッセイ #お金の勉強 #お金の話 #資産形成 #長期投資 #複利 #資産形成初心者 #学び直し #ライフプラン #40代の学び"
"2026-10-23","「お金に働いてもらう」というのは、魔法じゃありません。

お金を、目的に合わせた仕組みの中で働かせる考え方です。

まず、生活を守る。
次に、仕組みとリスクを理解する。
そして、長い時間を味方にする。

貯めるだけでも、増やすだけでもない。守りながら、学びながら、活用していく。そういうことなんだと思います。

目的を決める。リスクを理解する。長期で考える。どれか一つが欠けても、うまくいきませんでした。

─────
#インスタ漫画 #漫画が読めるハッシュタグ #コミックエッセイ #お金の勉強 #お金の話 #資産形成 #長期投資 #複利 #資産形成初心者 #学び直し #ライフプラン #40代の学び"
"2026-10-24","働くことと、お金に働いてもらうことは、敵同士じゃありません。

働いて得たお金を、守って、学んで、将来のために活用する。

自分の時間と体力だけに、すべてを背負わせない。

これからは、稼ぐ力、守る力、活用する力。その3つがそろうと、人生の選択肢がぐっと増える気がします。

自分の人生と時間を、少しずつ自分の手に取り戻すために。

─────
#インスタ漫画 #漫画が読めるハッシュタグ #コミックエッセイ #お金の勉強 #お金の話 #資産形成 #長期投資 #複利 #資産形成初心者 #学び直し #ライフプラン #40代の学び"
"2026-10-25","「今だけ！」「絶対に儲かる！」

周りが一斉に動き出すと、今すぐ乗らないと置いていかれる気がしてきます。

でも、目先の欲は判断を急がせる。

増やしたい気持ちだけで、決めていいの？

そんなときは、まず守るべきお金を確認します。生活防衛資金、目的、期間。よく分からないままとるリスクは、お金を減らすことにつながるからです。

「絶対」という言葉を見たら、いったん立ち止まる。これは今でも守っているルールです。

─────
#インスタ漫画 #漫画が読めるハッシュタグ #コミックエッセイ #お金の勉強 #お金の話 #資産形成 #長期投資 #複利 #資産形成初心者 #学び直し #ライフプラン #40代の学び"
"2026-10-26","資産形成は、増やすことだけじゃありません。

まず、生活を守る。
次に、リスクを理解する。
無理のない範囲で、長期の計画を作る。

大きく減らさないことも、立派な前進です。

守る土台があるから、育てていける。

増えた話は人に話したくなるけれど、減らさなかった話はあまり話題になりません。でも、本当に大事なのは後者だと思っています。

─────
#インスタ漫画 #漫画が読めるハッシュタグ #コミックエッセイ #お金の勉強 #お金の話 #資産形成 #長期投資 #複利 #資産形成初心者 #学び直し #ライフプラン #40代の学び"
"2026-10-27","急いで増やそうとしない。

守る、学ぶ、続ける。

時間を味方にして、少しずつ育てる。目先の欲より、長く続けられる安心を選ぶ。

しっかり守りながら育てる。それが、長期目線の資産形成なんだと思います。

焦らなくていい。減らさない力が、未来を支えてくれます。

毎月確認する。学ぶ。記録する。必要なら見直す。それだけです。

─────
#インスタ漫画 #漫画が読めるハッシュタグ #コミックエッセイ #お金の勉強 #お金の話 #資産形成 #長期投資 #複利 #資産形成初心者 #学び直し #ライフプラン #40代の学び"
"2026-10-28","「複利って、どういうこと？」

生まれた成果を、さらに次の成長につなげること。雪玉が転がりながら大きくなるイメージです。

時間が長いほど、積み重ねの差は大きくなる。

でも、毎年同じ結果になるとは限りません。

複利は利益の保証ではなく、長期で考えるための「見方」なんだと教わりました。

単純な足し算と、複利。同じ積み立てでも、時間がたつほど形が変わっていきます。

─────
#インスタ漫画 #漫画が読めるハッシュタグ #コミックエッセイ #お金の勉強 #お金の話 #資産形成 #長期投資 #複利 #資産形成初心者 #学び直し #ライフプラン #40代の学び"
"2026-10-29","長期投資は、一直線に増える道じゃありません。

上がる時も、下がる時もある。

下がったからといって、すぐに結論を出さない。目的と期間を、立ち止まって確認する。

時間を味方につけるには、続けられる仕組みが必要なんです。

だから、続けられる金額と方法を選ぶ。

−120,000円の画面を見て全部やめてしまった頃の私に、いちばん伝えたいページです。

─────
#インスタ漫画 #漫画が読めるハッシュタグ #コミックエッセイ #お金の勉強 #お金の話 #資産形成 #長期投資 #複利 #資産形成初心者 #学び直し #ライフプラン #40代の学び"
"2026-10-30","複利の力は、時間と継続で育っていく。

あの頃の私は、画面にかじりついていました。今は、小さく始めて、無理なく続けています。

長期投資は、未来を確実にする魔法じゃありません。

それでも、時間を味方につける力は、今日から育てられる。

焦らず、守りながら、長い目で積み重ねていこうと思います。

守ること、学ぶこと、見直すこと。成果が出たときにどう扱うかも、自分で考えるようにしています。

─────
#インスタ漫画 #漫画が読めるハッシュタグ #コミックエッセイ #お金の勉強 #お金の話 #資産形成 #長期投資 #複利 #資産形成初心者 #学び直し #ライフプラン #40代の学び"
"2026-10-31","資産形成は、増やすことだけじゃなかった。

知る。家計を知る。
守る。生活を守る。
学ぶ。学び、記録し、見直す。
続ける。焦らず、長期で考える。

あの頃の私に教えてあげたいのは、この4つだけです。

守りながら、少しずつ育てる。

このお話も、残りあと少しです。

─────
#インスタ漫画 #漫画が読めるハッシュタグ #コミックエッセイ #お金の勉強 #お金の話 #資産形成 #長期投資 #複利 #資産形成初心者 #学び直し #ライフプラン #40代の学び"
"2026-11-01","今日やること。

・家計を確認する
・守るお金の目標を決める
・信頼できる人から学ぶ時間を作る
・分からないことを、ひとつ調べる
・小さく始めて、記録する

どれも、今日からできることばかりです。

あなたなら、どれから始めますか？

ひとつでいいんです。全部やろうとすると、続きません。

─────
#インスタ漫画 #漫画が読めるハッシュタグ #コミックエッセイ #お金の勉強 #お金の話 #資産形成 #家計管理 #家計見直し #固定費削減 #生活防衛資金 #先取り貯金 #主婦の勉強垢"
"2026-11-02","長いお話に、最後までお付き合いいただきありがとうございました。

疲れていた私。学び始めた私。家計を整えた私。家族や仲間と未来を話す私。

未来は、一度の大きな決断で変わるわけじゃない。今日の小さな選択が、明日の自分を作っていく。

完璧じゃなくていい。焦らなくていい。

ここからが、未来への第一歩です。

お金と人生を、自分の手で少しずつ整えていきましょう。ここまで読んでくださった方に、いいことがありますように。

─────
#インスタ漫画 #漫画が読めるハッシュタグ #コミックエッセイ #お金の勉強 #お金の話 #資産形成 #最終回 #ありがとう #学び直し #ライフプラン #長期目線 #主婦の勉強垢"
