投稿日,画像ファイル,X本文,Threads本文,ステータス
2026-08-23,images/1-1.jpg,"「100億円超えの資産家」

見た目は、どこにでもいる普通の人だった。

人生って、誰と出会うかで決まるのかも。

#3コマ漫画 #お金の話","ある資産形成グループで紹介された人が、100億円を超える資産家だと聞いて、正直ぽかんとしました。

だって見た目は、本当にどこにでもいる普通の人だったから。

人生を変えるのって、大きな決断じゃなくて、案外こういう小さな出会いなのかもしれません。

あなたの人生を変えた出会い、ありますか？",済
2026-08-23,images/1-2.jpg,"「怖い」「怪しい」「私には無理」

まわりの反応はぜんぶ同じだった。

でも私は、もっと知りたいと思ってしまった。","新しい世界の話をすると、返ってくる言葉はだいたい決まっています。

「怖くない？」「怪しくない？」「私には無理」

でも不思議なもので、そう言われるほど気になってしまって。結局いちばん知りたかったのは、自分だったんですよね。

「みんなが止めること」に惹かれた経験、ありませんか？",済
2026-08-23,images/1-3.jpg,"3年後。

大きく増えたことより、
減らなかったことが嬉しかった。","あれから3年。

「いくら増えたか」より先に口から出たのが、「減らなくてよかった」だったんです。自分でも意外でした。

数字が動くたびに一喜一憂していた頃の自分に、いちばん聞かせたい言葉かもしれません。

守れたことを、もっと褒めていいと思うんです。",済
2026-08-24,images/2-1.jpg,"資産家の世界と、労働者脳。

分かれ道は「時間を売るか、資産に働いてもらうか」だった。

#3コマ漫画","ホワイトボードに並んだ2つの言葉が、いまだに忘れられません。

・時間を切り売りする
・資産に働いてもらう

やっていることの違いじゃなくて、見ている景色の違いなんだ、と。

そしてもうひとつ言われたのが「孤独を回避することが最大の鍵」。お金の話だと思って聞きに行ったのに、返ってきたのは人の話でした。",済
2026-08-24,images/2-2.jpg,"大きく増やすことには、執着しない。

減らないことに、価値がある。

一度知ると、もう戻れない。","「大きく増やすことに執着しない」

最初に聞いたときは、ずいぶん欲のない話だなと思いました。

でも実際にやってみると、これがいちばん難しい。増やすより、守るほうがずっと勇気がいるんです。

そして一度この考え方を知ってしまうと、もう前の自分には戻れませんでした。

守ることと増やすこと、あなたはどちらを先に考えますか？",済
2026-08-24,images/2-3.jpg,"自分も相手も、必ずウィンウィンに。

生きる意味って、
たぶんこういうことなんだと思う。","「どちらかが得をして、どちらかが損をする」

そういう関係に、いつのまにか慣れてしまっていた気がします。

でも本当に続く関係って、必ず両方が良くなっている。当たり前のようで、意外とできていなかったなと。

信頼できる人と過ごす豊かな時間。それ以上のものって、あるでしょうか。",済
2026-08-25,images/3-1.jpg,"時間は、奪われるものじゃなくて
創るものだった。

心に余裕があるから、人に優しくなれる。

#3コマ漫画 #時間の使い方","いちばん変わったのは、お金じゃなくて時間の使い方でした。

「早くしなきゃ」「間に合わない」が口ぐせだった頃は、いつも誰かに時間を奪われている感覚だったんです。

でも今は、自分で創るものだと思えるようになりました。

心に余裕があるから、人に優しくできる。順番が逆じゃなかったんですね。",済
2026-08-25,images/3-2.jpg,"影響力を持つということは、
責任を持つということ。

一人じゃない。最高のチームだ。","「影響力を持つということは、責任を持つということ」

この言葉を聞いてから、発信することが少しだけ怖くなりました。でも、それでいいんだと思います。

そして何より嬉しかったのが「一人じゃない」と言えること。

人から感謝される喜びが、何よりの報酬。きれいごとに聞こえますか？ 私は本気でそう思っています。",済
2026-08-25,images/3-3.jpg,"ここはゴールじゃなくて、
ただの始まりだった。

未来は、私たちの手の中にある。","第1章、これでおしまいです。

たどり着いたと思った場所が、実はスタートラインでした。

手のひらの小さな芽を見ながら「次はどんな世界を創ろうか」と話したあの日のことを、たぶんずっと覚えていると思います。

明日から新しい物語が始まります。よかったら、続きも見ていってください。",済
2026-08-26,images/4-1.jpg,"1億円を目指して、コツコツ積立。

はずが、相場の上下で夜も眠れない。

私のメンタル、もう限界かも。

#3コマ漫画 #積立投資","節約して、勉強して、コツコツ積み立てて。

グラフが右肩上がりになっていくのが嬉しくて、毎日アプリを開いていました。

でもある日から、そのアプリを開くのが怖くなったんです。

上がっても下がっても、心が持っていかれる。あれ、私は何のためにこれを始めたんだっけ？

寝る前にチャートを見てしまう人、いませんか？",済
2026-08-26,images/4-2.jpg,"「今が買い時」の声に乗って、
気づけば損切りもできない。

もう増えなくていい。
これ以上、減らしたくない。","「株で大儲け」「億り人続出」「今が買い時」

その言葉に背中を押されて始めて、気づけば身動きが取れなくなっていました。

損切りもできない。やめるにもやめられない。

そのとき初めて出てきた本音が、「もう大きく増えなくていいから、これ以上減らしたくない」でした。

この気持ち、わかる人いますか？",済
2026-08-26,images/4-3.jpg,"「大きく増やすことより、
減らさないことに価値があるんだよ」

その一言で、全部ひっくり返った。","その資産家の人が教えてくれました。

「大きく増やすことより、減らさないことに価値があるんだよ」

正直、最初は意味がわかりませんでした。増やすために始めたのに、と。

でもその一言が、それまでの前提をぜんぶひっくり返してくれたんです。

人生で「効いた一言」って、覚えていますか？",済
2026-08-27,images/5-1.jpg,"守りを固めることが、
最大の攻めになる。

不安が、嘘みたいに消えていった。

#3コマ漫画 #資産形成","「守りを固めることが、最大の攻めになるんだ」

スポーツみたいな話だなと思いながら聞いていました。

でも実際に守りの土台ができてみると、あれだけ張りついていた不安が、本当にすっと軽くなったんです。

数字の先にある景色が見えたというか。

守りを固めてから攻める。仕事でも同じかもしれませんね。",
2026-08-27,images/5-2.jpg,"世界市場、大幅下落。

前なら眠れなかったニュースを、
今日は普通に見ていられた。","速報で「世界市場が大幅下落」と流れてきました。

以前の私なら、その日は一日中スマホを握りしめて、夜も眠れなかったと思います。

でもその日は、普通にごはんを食べて、普通に眠れました。

外がどんなに騒がしくても揺るがない。この静けさが、いちばんの成果かもしれません。

数字に支配される日々は、もう終わりにしました。",
2026-08-27,images/5-3.jpg,"1億円は、ただの通過点だった。

本当の豊かさは、この心の平穏にある。","ずっと1億円を目標にしていました。

でもたどり着いてみたら、そこはゴールじゃなくて、ただの通過点だったんです。

いちばん手に入れたかったものは、数字じゃなくて心の平穏でした。

「さあ、次はあなたが誰かの力になる番だ」

そう言われて、第2章が終わりました。あなたの目標の、その先には何がありますか？",
2026-08-28,images/6-1.jpg,"高校100万、大学500万、留学500万。

数字を見て、一度は青ざめた。

それでも、あの子の夢を見てみたい。

#3コマ漫画 #教育費","子どもの教育費、ちゃんと調べたことありますか？

高校で約100万円、大学で約500万円、留学ならさらに約500万円。

並んだ数字を見て、正直いちど青ざめました。私にできるのかな、って。

でも、あの子たちが夢に向かって輝いている顔を思い浮かべたら、答えは決まっていました。

やるしかない。全力で応援したい。",済
2026-08-28,images/6-2.jpg,"株？FX？不動産？

どれもリスクが高そうで、手が止まる。

投機じゃなくて、着実に増やしたいだけなのに。","子どもの教育費を考えたとき、まず調べたのが「増やす方法」でした。

株、FX、不動産、暗号資産……。

でも調べれば調べるほど、手が止まるんです。だって、失敗できないお金だから。

私が欲しかったのは、一発逆転じゃなくて「安全性・再現性・継続性」でした。

そこでふと思ったんです。なぜお金持ちは、ずっとお金持ちでいられるんだろう？",済
2026-08-28,images/6-3.jpg,"「私、学びます。お金持ちから」

答えを持っている人に、
直接聞きにいくことにした。","本を読んでも、動画を見ても、なんだかピンとこなくて。

それで思いきって、実際にその世界にいる人のところへ行くことにしました。

「ぜひ、色々と教えてください」

返ってきたのは「よく来たね。一緒に学んでいこう」という言葉でした。

聞きに行くって、思っていたよりずっと怖くなかったです。",済
2026-08-29,images/7-1.jpg,"「あなた、変わったわね」

ママ友にそう言われた。

大切なものを守る秘訣を、見つけたから。

#3コマ漫画","ママ友に言われました。

「あなた、変わったわね。どうしてそんなに未来のことを穏やかに考えられるの？」

自分では気づいていなかったけれど、たしかに変わったんだと思います。

お金が増えたからじゃなくて、大切なものを守る方法を知ったから。

不安がなくなると、顔つきまで変わるみたいです。",済
2026-08-29,images/7-2.jpg,"今 → 5年後 → 15年後。

小さな積み重ねが、
やがて大きな未来をつくる。

時間こそが、最強の味方。","「複利と時間のマジック」

小さな芽が、5年後には木になって、15年後には実をつける。その絵を見せてもらったとき、ようやく腑に落ちました。

焦っていたときは、時間が敵に見えていたんです。早くしなきゃ、間に合わない、って。

でも本当は、時間こそが最強の味方だった。

今日いちばん若い日は、今日ですね。",済
2026-08-29,images/7-3.jpg,"私は、子どもたちの未来を守れる。

お金持ちの知恵があるから、もう怖くない。","第3章、これでおしまいです。

あの日、教育費の数字を見て青ざめていた私に伝えたい。

大丈夫。ちゃんと守れるようになるよ、と。

「さあ、これからよ。私と子どもたちの最高の未来が、今、はじまるの」

不安が確信に変わるまで、そんなに時間はかかりませんでした。",済
2026-08-30,images/8-1.jpg,"「いくら増やしても、
守れなければ意味がない」

減らさない。絶対に減らさない。

#3コマ漫画 #資産防衛","富裕層の「守る哲学」を教えてもらいました。

「いくら増やすことを考えても、守れなければ意味がない」

そして、こう続きました。

「富裕層はね、ただ増やすだけじゃない。減らさない。絶対に減らさない」

増やすことばかりに目がいっていた私には、けっこう衝撃でした。

守ることが、最強の戦略。地味だけど、これが本質なんだと思います。",済
2026-08-30,images/8-2.jpg,"守る → 育てる → 分かち合う。

知恵は、分かち合うほどに広がっていく。","気づけば、教わる側から教える側になっていました。

黒板に書いたのは「豊かさのサイクル」。

守る（Protection）→ 育てる（Growth）→ 分かち合う（Sharing）

不思議なもので、分かち合うほどに減るどころか、どんどん広がっていくんです。

知恵って、そういうものなんですね。",済
2026-08-30,images/8-3.jpg,"誰もが豊かになれる未来へ。

分かち合うほどに、豊かさは広がっていく。","たった一人で不安を抱えていたところから始まった話が、気づけばこんなに大勢の景色になっていました。

「誰もが豊かになれる未来へ」

分かち合うほどに、豊かさは広がっていく。

ここまで読んでくださって、ありがとうございます。物語はまだ続きます。",済
2026-08-31,images/9-1.jpg,"「また損が出てる…眠れないよ」

友達の目の下のクマを見て、
言葉が出なかった。

#3コマ漫画","久しぶりに会った友達の顔を見て、言葉が出ませんでした。

目の下にはクマ。会話の途中でも、何度もスマホをのぞき込む。

「また損が出てる…眠れないよ」

心が、すり減っちゃってるね。

それって本当に、あなたが望んだ投資だったのかな。",済
2026-08-31,images/9-2.jpg,"「ここは戦場よ。勝つか負けるか」

——その土俵から、降りませんか？","「ここは戦場よ。勝つか負けるか、勝つか負けるか」

そう言う友達に、私はこう言いました。

「その勝ち負けの土俵から、降りませんか？」

いつまでそれを続けるの、とも。

本当の豊かさは、もっと穏やかで、もっと着実なところにあると思うんです。

戦わない選択って、逃げでしょうか。私は違うと思います。",済
2026-08-31,images/9-3.jpg,"「あの戦場から、降りてもいいなんて」

争いに勝つことが幸せじゃない。
平和を築くことが、一番の勝利。","「あの戦場から降りてもいいなんて、知らなかった…」

友達がそう言って、少しだけ泣きました。

知らないだけで、選択肢がないと思い込んでしまうことって、ありますよね。

争いに勝つことが本当の幸せじゃない。平和を築くことが、一番の勝利なの。

今度は二人で、同じ道を歩いていきます。",済
2026-09-01,images/10-1.jpg,"「守りの土台ができたから、もう迷わない」

これが、本当の安心なんですね。

#3コマ漫画","自分が教わったことを話しているだけなのに、それが誰かの力になっている。

不思議な感覚でした。

「守りの土台ができたから、もう迷わない」
「これが、本当の安心なんですね」

安心って、増えた金額のことじゃないんだなと、あらためて思います。",済
2026-09-01,images/10-2.jpg,"分かち合うことで、豊かさは何倍にもなる。

この時間が、一番の財産。","持ち寄りのごはんを囲んで、笑いながら話す。ただそれだけの時間。

でも「この時間が、一番の財産ですね」という一言に、全員がうなずきました。

孤独を回避し、信頼でつながる世界。

いちばん増やしたかったのは、たぶんこれだったんだと思います。

あなたにとって「一番の財産」って、何ですか？",済
2026-09-01,images/10-3.jpg,"守る力を、手に入れた。

次は、みんなのために。

さあ、次のステージへ。","夕暮れの街を見下ろしながら、思いました。

守る力は、もう手に入れた。

じゃあ次は何のために使おう、と考えたとき、自然と浮かんだのが「まわりの人のために」でした。

自分のためだけだと、たぶんここで止まっていたと思います。

さあ、次のステージへ。",済
2026-09-02,images/11-1.jpg,"「資産とは、黄金の山ではない。
それを育む土壌の豊かさのことだ」

師匠の原点は、小さな庭にあった。

#3コマ漫画","師匠に「原点を見せてあげよう」と連れて行かれたのは、豪華なオフィスではなく、小さな庭でした。

「資産とは、黄金の山ではない。それを育む『土壌』の豊かさのことなんだよ」

土を整えれば、実は自然と結ぶもの。

急いで実を採ろうとしていた自分が、少し恥ずかしくなりました。",済
2026-09-02,images/11-2.jpg,"「お母さんが守ってくれた土台があったから、
私たちはどこまでも飛べた」

知恵は、次の世代の翼になる。","卒業式の日、子どもに言われました。

「お母さんの守ってくれた『土台』があったから、私たちはどこまでも飛べた」

土台をつくるのは、地味で、目立たなくて、誰にも褒められない作業です。

でも、それが誰かの翼になる。

知恵は、次の世代に受け継がれていくものなんですね。",済
2026-09-02,images/11-3.jpg,"豊かさとは、奪い合うものではなく、
循環させるもの。

この物語は、終わらない。","長い物語に、最後までお付き合いいただきありがとうございました。

「豊かさとは、奪い合うものではなく、循環させるもの」

これが、全部を通していちばん伝えたかったことです。

そしてこの物語は、終わりません。あなたがその最初の一歩を踏み出す限り。

明日からは、また新しいお話を始めます。",済
2026-09-03,images/12-1.jpg,"退職まで、あと少し。

貯金はある。
でも、これを切り崩していくのか…？

#3コマ漫画 #老後資金","新しいお話です。

退職まであと少し。お給料があったから、毎日をそれなりに楽しめていました。貯金もこつこつ続けてきました。

でも、ふと立ち止まって思うんです。

これを切り崩して暮らしていって、本当に大丈夫なのかな。私は、いつまで元気でいられるのかな。

同じことを考えたこと、ありませんか？",済
2026-09-03,images/12-2.jpg,"退職金が入ると営業電話が来るらしい。

詐欺の話も聞くし、
株やFXを今から勉強してできる？","「退職金が入ると営業電話が来る」という話、聞いたことありますか？

実際、鳴りやまないそうです。詐欺の話も耳に入ってくる。

かといって、株やFXを今から勉強してできるかというと、それも自信がない。

大切な老後資金を、リスクのあるもので運用していいのかな。

この「どうしたらいいかわからない」時期が、いちばんしんどいんですよね。",済
2026-09-03,images/12-3.jpg,"「大切なのは、急いで増やすことではないのよ」

まずは、守る方法から学んでいこう。","人生の先輩に相談したら、こう言われました。

「大切なのは、急いで増やすことではないのよ」
「大きなお金に慣れていないなら、無理にリスクを取らないこと」

焦っていた気持ちが、すっと落ち着きました。

先を歩く人から堅実な考え方を学ぶ。まずは、守る方法から。

急がなくていい、と言ってもらえるだけで救われることってありますよね。",済
2026-09-04,images/13-1.jpg,"「価値が上下するものだけで
運用しているわけじゃないのよ」

お金を増やすより、価値を守る視点。

#3コマ漫画","資産家の方から学んだこと、として教えてもらった話です。

「価値が上下に変動するものだけで運用しているわけではないの」
「不動産のように、実物資産に交換するという考え方もあるのよ」

増やす方法ばかり探していた私には、なかった発想でした。

お金を増やすことだけじゃなく、価値を守る視点。

メモが一気に増えた日でした。",済
2026-09-04,images/13-2.jpg,"「実物資産なら何でもいい、わけじゃない」

取得 → 運用 → 出口。

大切なのは、出口が読めるかどうか。","「実物資産ならなんでもいいわけではないの」

そう言われて見せられたのが、この3つの矢印でした。

取得 → 運用 → 出口

大切なのは、出口が読めるかどうか。将来の価値を支える根拠まで調べること。

情報は信頼関係の中で共有されることもある。だからこそ、自分で見極める力が必要なんだと思います。",済
2026-09-04,images/13-3.jpg,"ESBIのEとSの視点だけでは、
見えにくい世界がある。

富裕層を目指すなら、富裕層に学ぶ。","「まずは資本主義の仕組みを理解することから始めましょう」

そう言われて、頭を殴られたような気持ちになりました。

働く側（EとS）の視点だけでは、見えにくい世界がある。

考え方をアップデートする必要があるんだ、と。

富裕層を目指すなら、富裕層に学ぶべき。誰に学ぶかを選ぶって、大事ですね。",済
2026-09-05,images/14-1.jpg,"消費・浪費・投資に分ける。

使うお金と、守るお金を分ける。

富裕層ほど、最初に土台を整える。

#3コマ漫画 #家計","教わったことを、さっそくやってみました。

まずは自分のお金の流れを見えるようにすること。

ノートを「消費・浪費・投資」の3つに分けて、使うお金と守るお金を分ける。

たったこれだけなのに、自分が何にお金を使っていたかがはっきり見えました。

富裕層ほど、最初に土台を整えるそうです。まずはここからですね。",済
2026-09-05,images/14-2.jpg,"「本日中のお申し込みで」

——急いで決めてください、って
本当に今なのかな。","スマホに届いた「本日中のお申し込みで」の文字。

急いで決めてください、と言われるほど、逆に立ち止まったほうがいいのかもしれません。

・利率が高い＝リスクが高い
・リスクはとらない
・金額が小さすぎないか
・出口が決まっているか

踊らないことも、自分の資産を守る力。

焦らされたときこそ、いったんお茶を飲む。おすすめです。",済
2026-09-05,images/14-3.jpg,"何を選ぶかの前に、
どう判断するかを考える。

本当の資産は、お金だけじゃない。","学びを続けるうちに、順番が変わってきました。

「何を選ぶか」の前に「どう判断するか」を考える。

私の判断の軸は、この2つです。
・一次情報に近い情報を取りにいく
・プロや先人たちの話を、素直に聞いてみる

大きく賭けるより、小さく確かめて積み上げる。

本当の資産は、お金だけじゃない。自分の未来を、自分で作れるようになりたいです。",済
2026-09-06,images/15-1.jpg,"「すごい人」を遠くから眺めているだけでは、
何も変わらなかった。

まずは、少し先を歩く人を見つける。

#3コマ漫画 #学び","「成長したいけれど、何から始めればいいですか？」

返ってきたのは「まずは今のあなたより少し先を歩く人を見つけなさい」でした。

遠くのすごい人に憧れているだけだと、まぶしくて動けないんですよね。

時間の使い方、約束の守り方、考え方。まねできる小さな一歩から。

あなたが今、いちばん近くで見ている人は誰ですか？",済
2026-09-06,images/15-2.jpg,"聞いたこと。やったこと。気づいたこと。

うまくできなかったことも、正直に書く。","一か月、教わったことを一つずつ試して、3列のノートに書いてみました。

「聞いたこと」「やったこと」「気づいたこと」

うまくできなかったことも、正直に。

「優秀なフォロワーは、言われた通りに動くだけの人ではないの」

素直に行動して、相談して、報告して、また行動する。それだけなんですけど、これがいちばん効きました。",済
2026-09-06,images/15-3.jpg,"目先の言葉より、自分の目的。

約束を守ること。相手の時間を大切にすること。

それが信頼になる。","ノートの一番上に「私の目的」と書きました。

学んだことを、誰かに返せる人になりたい。

目先の言葉に振り回されそうになったら、ここに戻ってきます。

約束を守ること。相手の時間を大切にすること。そんな人格が信頼をつくって、未来の選択肢を広げていく。

地味だけど、これが一番の近道な気がしています。",済
2026-09-07,images/16-1.jpg,"「情報をもらうためじゃない。
学ぶために来たんだ」

ここでは、何を増やすかより
何を守るかを話す。

#3コマ漫画","紹介されて、ある会に参加しました。看板には「資産を長期で考える会」。

入る前に自分に言い聞かせたのは「情報をもらうためじゃない、学ぶために来たんだ」ということ。

そこで最初に言われたのが

「ここでは何を増やすかより、何を守るかを話すの」

順番が逆だったな、と思いました。",済
2026-09-07,images/16-2.jpg,"増やす前に、まず
「減らしにくい状態」をつくる。

守るべきものを先に決めれば、焦らずに済む。","「資産を増やす前に、まず減らしにくい状態をつくるの」

ノートに書いたのは3つの言葉。

守る → 整える → 選ぶ

生活に必要なお金まで、理解できないものに置かない。

守るべきものを先に決めておけば、焦らずに済む。無理のない範囲を知ることも、長く続けるための力なんだそうです。",済
2026-09-07,images/16-3.jpg,"大きなリスクを取って
自分を証明する必要はない。

急がない。理解して選ぶ。守れる範囲で。","「大きなリスクを取って、自分を証明する必要はないんです」

この言葉に、ずいぶん救われました。

どこかで「勝負しなきゃ本気じゃない」と思っていた気がします。

私の基準は3つ。急がない。理解して選ぶ。守れる範囲で。

減らさないことが、次の選択肢を守る。焦らず、守る力を高めていきます。",済
2026-09-08,images/17-1.jpg,"目的と範囲を決めて、
理解できることから始める。

急いで大きくするより、続けられる形を。

#3コマ漫画","「初めての一歩は、何を大切にすればいいですか？」

「まずは目的と範囲を決めて、理解できることから始めるの」

チェックリストに書いたのは
・余剰資金の一部で
・目的を言葉にする
・困るお金は使わない

生活を守るお金は、別にしてあります。

小さく始めて、学びながら確かめる。急いで大きくするより、続けられる形を選びました。",済
2026-09-08,images/17-2.jpg,"「〇〇ショック」の通知。

前なら手が震えていた。
今日は、目的に戻れた。","数か月後、スマホに「〇〇ショック」の通知が流れてきました。

前の私なら、その日は何も手につかなかったと思います。

でも今回は、ノートを開いて「私は何のために始めたんだっけ」に戻れました。

生活を守るお金は別にしてある。長い目で見る。

小さく始めたからこそ、感情で動かずに学べる。慌てずに選択肢を守れたことが、この数か月でいちばんの成果でした。",済
2026-09-08,images/17-3.jpg,"急な水道の修理。

別にしておいたから、落ち着いて払えた。

増えた数字だけが、成果じゃない。","ある日、急に水道の修理が必要になりました。

以前ならパニックだったと思います。でも「生活を守るお金」を別にしておいたので、落ち着いて対応できました。

「初めての成果は、増えた数字だけではないのよ」

手放す必要のない選択肢を守れたこと。それが資産防衛の成果なんだそうです。

私の最初の一歩は、減らさずに学び続けられたこと。",済
2026-09-09,images/18-1.jpg,"借入は悪いことだと、ずっと思っていた。

悪なのは借入そのものじゃなく、
使い方と条件だった。

#3コマ漫画","「借入は悪いことだと、ずっと思っていました」

正直にそう言ったら、返ってきたのは

「借入そのものが悪なのではなく、使い方と条件が大切なの」

そのお金の流れがプラスになるのか、マイナスになるのか。負担になる借入と、目的のある借入は違う。

借りることではなく、仕組みを理解することが先。

固定観念を手放すって、けっこう体力がいりますね。",済
2026-09-09,images/18-2.jpg,"金利、期間、キャッシュフロー。

大切なのは差を追うことより、
出口を見極めること。","ホワイトボードに書かれたのは「調達コスト → 想定収益」。

条件と出口を確認する。ノートに書いたのは3つ。

金利／期間／キャッシュフロー

一見小さな数字でも、元の金額が大きければ動く額は大きくなる。だからこそ、差を追うより出口を見極めること。

数字の話なのに、最後は「ちゃんと確かめたか」という姿勢の話になるのが不思議でした。",済
2026-09-09,images/18-3.jpg,"「私が真似すべきなのは、借りることですか？」

「いいえ、信用信頼を積み上げることよ」","「では、私が真似するべきなのは借りることですか？」

「いいえ、信用信頼を積み上げることよ。借りるには、それが必須になるわ」

小さな差を追う前に、土台を整える。

目的／条件／返済／変化への備え

資産家の考え方は、不確実さを無視するのではなく、管理すること。

仕組みを理解して、仕組みを作っていける人になりたいです。",済
2026-09-10,images/19-1.jpg,"「でも負債って、やっぱり怖くない？」

返せない借入と、目的のある借入は、別のもの。

#3コマ漫画","友達に「最近、雰囲気が変わったね。何を学んでいるの？」と聞かれました。

「借入を悪と決めつけずに、仕組みを考えることを学んでいるの」

「でも負債って、やっぱり怖くない？」

怖いのは、返せない借入と目的のない借入。だからこそ条件を見て、無理なく続けられるかを考える。

目的、返済、資金繰り。この3つを見るようになりました。",済
2026-09-10,images/19-2.jpg,"借入額だけじゃなく、お金の流れを見る。

収入と返済。条件の変化。最悪のとき。","「キャッシュフローを生むなら、借入はいいの？」

「それだけで良いとは言えないよ」

ノートに書いたのは、見るべき3つ。

収入と返済／条件の変化／最悪のとき

支払いを続けられるか。変化にも耐えられるか。

金額の大きさより、流れを見る。決めつけずに仕組みを学ぶって、こういうことなんだと思います。",済
2026-09-10,images/19-3.jpg,"「前のあなたなら、怖いで終わっていたかもね」

まだ分からないことばかり。
だから、学び続けたい。","「前のあなたなら、怖いで終わっていたかもね」

友達にそう言われて、少し照れました。

答えを急がずに、ちゃんと考えられるようになった。それだけでも、変わったんだと思います。

まだ分からないことばかりです。だから学び続けたい。

学んだことを一人で抱えず、一緒に考えていけたらうれしいな。

帰り道の空が、やけにきれいでした。",済
2026-09-11,images/20-1.jpg,"管理、法務、会計。

それぞれの役割を尊重する。

お金の話の前に、人との向き合い方を学ぶ。

#3コマ漫画","「次の学びは、誰と信頼を育てるかよ」

私はまだ学ぶことばかりで、何ができるんだろうと思っていました。

管理、法務、会計。それぞれに役割があって、それを尊重すること。

長い関係は、正確な報告と誠実さから始まります。

お金の話の前に、人との向き合い方から。順番って、いつもそっちなんですね。",済
2026-09-11,images/20-2.jpg,"信頼は、紹介を待つことではなく
約束を守ることから育つ。

小さなことほど、正確に返そう。","「信頼は、紹介を待つことではなく、約束を守ることから育ちます」

ホワイトボードには「小さな積み重ねが大きな信頼につながる」。

だから、小さなことほど正確に返す。

点検の記録、連絡や対応の記録、やりとり、次の予定、気づき。

「丁寧に聞いてくれて安心しました」

この一言が、どんな成果より嬉しかったです。",済
2026-09-11,images/20-3.jpg,"人脈は、人数ではない。

互いに成長できる関係のこと。","「あなたの次の役割は、学びを人に返すことよ」

まだ途中の私にできるかな、と思いながらも、一緒に考える時間をつくることにしました。

「人脈は人数ではないの。互いに成長できる関係よ」

この言葉で、数ばかり気にしていた自分が少し恥ずかしくなりました。

信頼は行動で育ち、学びは分かち合うほど深くなる。",済
2026-09-12,images/21-1.jpg,"「私がメンター役を…？
まだ学ぶことばかりです」

「答えを与える人ではなく、
考える力を支える人になるのよ」

#3コマ漫画","「次の段階では、あなたにも伴走してほしいの」

私がメンター役なんて、まだ早いと思いました。

でも言われたのは

「答えを与える人ではなく、考える力を支える人になるのよ」

それなら、できるかもしれない。

聞きたいこと。分からないこと。気になること。まずは一緒に書き出すところから始めています。",済
2026-09-12,images/21-2.jpg,"「何を選べばいいのか分からなくて…」

目的は？ 分からないことは？ 心配なことは？

答えより先に、質問を整理する。","「何を選べばいいのか、分からなくなってしまって…」

そう言われたとき、答えを出したくなる気持ちをぐっとこらえました。

「まずは、何のために考えているのかを言葉にしてみましょう」

目的は？／分からないことは？／心配なことは？

書き出しただけで「自分で考える順番が見えてきました」と言ってもらえて。

答えより先に、質問を整理する。これ、効きます。",済
2026-09-12,images/21-3.jpg,"良いメンターは、
答えを持つ人ではなく
学び続ける人。","「良いメンターは、答えを持つ人ではなく、学び続ける人よ」

これを聞いて、肩の力が抜けました。

完璧じゃないと人には教えられない、と思い込んでいたので。

私も学びを止めずに、誰かの考える力を支えたい。

それが次の世代へ、信頼をつないでいく。

夕暮れのサロンの前で、そんな話をしていました。",済
2026-09-13,images/22-1.jpg,"「今度はあなたが、
小さな学びの会を開いてみない？」

私にできるでしょうか。

#3コマ漫画","「今度はあなたが、小さな学びの会を開いてみない？」

私にできるでしょうか、と口に出したら

「あなたらしい明るさで、みんなの考える力を引き出して」

うまくやろうとしなくていいんだ、と思えました。

目的／確認／次の一歩。それだけ用意して、あとは「安心して話せる場」にすること。

私も楽しみながら、一緒に学べる場をつくります。",済
2026-09-13,images/22-2.jpg,"「早く答えを知って進みたい」
「まだ不安で、もう少し考えたい」

どちらの気持ちも、大切。","会を開いたら、まったく逆の声が出ました。

「早く答えを知って、次に進みたいです」
「私はまだ不安で、もう少し考えたいです」

どちらが正しいかではなく、どちらの気持ちも大切。

そこでボードを3つに分けました。

今できること／聞いて確かめること／待つこと

一人で急いで決めなくても、考える順番があれば前に進める。

「それなら私にもできそうです」の一言が、うれしかったです。",済
2026-09-13,images/22-3.jpg,"「答えをもらうより、
自分で考えられた気がします」

いちばん嬉しい感想でした。","学びの会のあと、ボードに「今日の気づき」の付箋がたくさん並びました。

「答えをもらうより、自分で考えられた気がします」

これ以上ない感想だと思いました。

「あなたは明るさで、みんなの道を照らしたのよ」

これからも一歩ずつ、みんなと学べる場を育てたい。

その気持ちが、次の挑戦をひらくんだそうです。",済
2026-09-14,images/23-1.jpg,"必要になる時期も金額も、なんとなくで不安。

いつ？ 何に？ どれくらい？

書き出すだけで、少し落ち着く。

#3コマ漫画 #教育費","「子どもの教育費の積み立て、このままでいいのかな？」

相談に来た方が言っていたのは「必要になる時期も金額も、なんとなくで不安」ということ。

これ、すごくよく分かります。

だから、まず見えるようにしました。

いつ？／何に？／どれくらい？

小学校、中学校、高校、大学。並べただけで「不安だったことが少し整理できました」と。

もやもやの正体は、たいてい見えていないことなんですよね。",済
2026-09-14,images/23-2.jpg,"SNS、動画、ランキング、おすすめ。

情報が多すぎて、動けない。

全部を知る必要はない。","「貯金はしてきたけど、情報が多すぎて動けないんです」

SNS、動画、ランキング、おすすめ。全部を追いかけようとすると、かえって手が止まりますよね。

「全部を知る必要はありません。まず自分の目的から考えましょう」

安心の土台／学ぶこと／次の一歩

この3つに分けただけで「今の私に必要なことが少し見えてきました」と。

情報を減らすことも、立派な整理です。",済
2026-09-14,images/23-3.jpg,"「急いで決めなきゃ」と焦ってしまう。

急いで一人で決めなくて、大丈夫。","「親の相続で大きなお金が動いて、どう考えたらいいか戸惑っていて…」

大きな金額を前にすると「急いで決めなきゃ」と焦ってしまうもの。

でも、急いで一人で決めなくて大丈夫です。

まず整理して、必要なら専門家にも聞く。

手続き／家族の気持ち／相談先

知識を渡すだけじゃなく、安心して考えられる場を育てていきたい。

気づけば、紹介が紹介を生んでいました。",済
2026-09-15,images/24-1.jpg,"貯金はある。

でも…？

#3コマ漫画","貯金はある。

でも、これでいいのかな。

通帳を見ながら、時間だけが過ぎていく感じがしていました。

足りないのはお金じゃなくて、たぶん、確かめる方法。

同じところで止まっている人、いませんか？",済
2026-09-15,images/24-2.jpg,"何から学べばいいの？

スマホを開いて、閉じて、またため息。","何から学べばいいの？

スマホを開いて、情報の海に飛び込んで、結局そっと閉じる。

あの時間が、いちばんしんどかったです。

知らないことが多いんじゃなくて、順番が分からないだけだったんですけどね。

そのことに気づくまで、しばらくかかりました。",済
2026-09-15,images/24-3.jpg,"答えを探しに行こう。

ドアを開けたら、思ったより明るかった。","考えているだけの時間を、いったん終わりにしました。

答えを探しに行こう。

ドアノブに手をかけるまでが長かったけれど、開けてみたら、思っていたよりずっと明るかったです。

最初の一歩って、たぶん誰にとっても重いんだと思います。

でも、重いのは踏み出す前だけでした。",済
2026-09-16,images/25-1.jpg,"「お金持ちに学ぼう」

本の中ではなく、
実際に会いに行った。

#3コマ漫画","「お金持ちに学ぼう」

本や動画で探すのをやめて、実際に会いに行くことにしました。

向かい合って話すと、数字の話より先に、考え方や姿勢の話になるんですよね。

最後に握手をして、その日は終わりました。

遠回りに見えて、これがいちばん早かった気がしています。",済
2026-09-16,images/25-2.jpg,"まずは、真似してみる。

理解してからじゃなくていい。
やってから、分かることがある。","まずは、真似してみる。

完全に理解してから動こうとすると、たいてい動けないままなんですよね。

順番をそのままなぞって、やってみて、確かめる。

それを繰り返しているうちに、少しずつ「なぜそうするのか」が分かってきました。

理解が先か、行動が先か。私は行動が先でよかったです。",済
2026-09-16,images/25-3.jpg,"教わって、真似して、確かめて。

最後は、自分で決める。","教わって、真似して、確かめて。

そのあとに残るのは、結局「自分で決める」という一点でした。

誰かに決めてもらったことは、うまくいっても不安が残るし、うまくいかなければ人のせいにしたくなる。

目を開けて、深呼吸して、決める。

それができるようになったことが、いちばんの変化かもしれません。",済
2026-09-17,images/26-1.jpg,"増やす前に、
減らない仕組みを。

#3コマ漫画","増やす方法より先に、減らない仕組み。

ずっとそう教わってきました。

派手さはないし、誰かに自慢できる話でもないんですけど、これがあるだけで夜よく眠れます。

土台って、そういうものなんだと思います。",済
2026-09-17,images/26-2.jpg,"貯める。守る。

そして、使い方も学ぶ。","貯めること、守ることばかり考えていた時期がありました。

でも最近は「使い方」も同じくらい大事だと思っています。

何のために貯めたのか。誰のために使うのか。

そこが決まっていないと、いくらあっても足りない気がしてしまうんですよね。

あなたは何のために貯めていますか？",済
2026-09-17,images/26-3.jpg,"何を持つかではなく、
どう在るかで選ぶ。","長いお話に、最後までお付き合いいただきありがとうございました。

何を持っているかではなく、どう在るかで選ぶ。

友達と話すとき、家族と過ごすとき、これからの道を決めるとき。

結局そこに戻ってくるんだと思います。

ここまで読んでくださった方に、いいことがありますように。",済
2026-09-22,images/page-01.jpg,"お金を増やす方法は、働くことだけ？

その考え方、
誰かに教わった？

#漫画 #お金の話","今日から新しいお話を始めます。

「お金を増やす方法は、働くことだけ」

ずっとそう思っていました。朝起きて、働いて、疲れて寝る。それ以外の方法なんて、考えたこともなかったんです。

でもある日ふと思いました。この考え方、いったい誰に教わったんだろう？って。

あなたは、どう思っていましたか？",済
2026-09-23,images/page-02.jpg,"働いてお金をもらう。
それしか習ってない。

今思えば、完全に""労働脳""だった。","学校で習ったのは「働いてお金をもらう」ことだけでした。

だから、もっと稼ぐにはもっと働くしかない。本気でそう思っていたんです。

お給料日にホッとして、気づけば月末。その繰り返し。

今思えば、完全に""労働脳""でした。

お金のこと、学校で教わった記憶ありますか？",済
2026-09-24,images/page-03.jpg,"「お金にも働いてもらえばいいんだよ」

最初は、正直怪しいと思った。

でもその日から、世界の見え方が変わった。","友達がふと言ったんです。「お金にも働いてもらえばいいんだよ」って。

正直、最初は「何それ、怪しい…」でした（笑）

でもその日から、本屋さんでもスマホでもカフェでも、お金の話ばかり目に入るように。

カラーバス効果っていうんだそうです。情報は前からそこにあった。私が見ていなかっただけでした。",済
2026-09-25,images/page-04.jpg,"株？不動産？仮想通貨？FX？

調べるほど分からなくなって、
深夜2時半にスマホを握りしめてた。","調べ始めたら、今度は情報が多すぎました。

株がいい。いや不動産だ。これからは仮想通貨。FXで月100万。積立こそ最強。

言っていることがみんなバラバラで、調べるほど分からなくなって。

夜中の2時半、スマホを握りしめて「結局、何が正解なの？」ってつぶやいていました。

同じ夜、過ごしたことありませんか？",済
2026-09-26,images/page-05.jpg,"「絶対儲かる」に飛びついた。

上がって欲張って、下がって怖くなって売った。

−120,000円。
これが私のスタートです。","そして焦った私は、やってしまいます。

「今すぐ始めないと乗り遅れる」と思い込んで、SNSで見た""絶対儲かる""話に飛びつきました。

上がったら欲張って、下がったら怖くなって売って。

画面に出た「−120,000円」。

「やっぱり私には向いてない」って、布団の中で丸くなりました。

恥ずかしいけど、これが私のスタートです。",済
2026-09-27,images/page-06.jpg,"「急いでお金持ちになろうとする人ほど、お金が逃げていくんだよ」

資産家の女性に言われた言葉。
雷が落ちた。","そんなとき、紹介で出会ったのが、穏やかで上品な資産家の女性でした。

儲かる話はひとつもしない。代わりに言われたのがこの言葉です。

「増やすことより、減らさないことの方が大事だよ」
「急いでお金持ちになろうとする人ほど、お金が逃げていくんだよ」

雷が落ちたみたいでした。私がやっていたのは、まさに""急ぐ""ことだったから。",
2026-09-28,images/page-07.jpg,"労働脳：自分が働いて、お金を得る
投資脳：お金に働いてもらう
資産家脳：お金を守り、時間と人生を取り戻す

同じお金の話なのに、景色が違う。","その人たちを見ていて、やっと分かったことがあります。

労働脳は「自分が働いてお金を得る」。
投資脳は「お金に働いてもらう」。
資産家脳は「お金を守りながら、時間と人生を取り戻す」。

同じお金の話なのに、見ている景色がまるで違いました。

あなたは今、どの景色にいますか？",
2026-09-29,images/page-08.jpg,"寝ている間も、旅行中も、
子どもと遊ぶ間も。

知っている人と知らない人で、
10年後、20年後が変わってくる。","短期の欲を追うと、判断を誤りやすい。
焦らず、長い目で見る。

寝ている間も、旅行中も、子どもと遊んでいる間も、お金が動いてくれる仕組みが世の中にはあるそうです。

知っている人と知らない人で、10年後、20年後がじわじわ変わってくる。

時間を味方につけよう、と思いました。",
2026-09-30,images/page-09.jpg,"焦らなくていい。
全部わからなくていい。

大事なのは、誰から学ぶか。
そして、知ろうとし続けること。","遠回りしたし、たくさん失敗もしました。

でも、だからこそ言えることがあります。

焦らなくていい。全部わからなくていい。

大事なのは「誰から学ぶか」と「知ろうとし続けるか」だけ。

今日より明日、少しだけ視野を広げてみる。それだけでいいんだと思います。",
2026-10-01,images/page-10.jpg,"派手に儲かった話だけでは、判断できない。

長期の実績、リスク管理、誠実さ、再現性。

誰から学ぶかで、結果は変わる。","誰から学ぶかで、結果は変わる。

高級車、腕時計、シャンパン。SNSには派手に儲かった話があふれています。でも、それだけでは判断できません。

私が教わったのは、資産額だけを見るのではなく、長い実績、リスクの管理、誠実さ、再現性まで確かめること。

あなたは、誰から学んでいますか？",
2026-10-02,images/page-11.jpg,"「月利◯◯%」
ありえない数字で勧誘してくるものに、お金を入れない。

買う前に、準備することがある。","「すぐに買う前に、準備することがあるんだ」

資産家の女性に最初に言われたのは、意外にも地味なことでした。

まず、自分のお金の流れを知る。毎月いくら入って、いくら出ているか。
次に、目的と期間を決める。

そして「月利◯◯%」のような、ありえない数字で勧誘してくるものには、お金を入れない。

ここ、本当に大事です。",
2026-10-03,images/page-12.jpg,"成功は、一発逆転ではなく、
続けられる仕組みから生まれる。

今日やることは、家計を確認すること。","成功は、一発逆転ではなく、続けられる仕組みから生まれる。

だから今日やることは、ひとつだけ。家計を確認すること。

信頼できる人から学んで、小さく始めて、記録して、見直す。春も夏も秋も冬も、それを続けるだけ。

地味だけど、これがいちばん効くと思っています。

あなたの「続いていること」、何ですか？",
2026-10-04,images/page-13.jpg,"家計は、責めずに見える化する。

分からないままが、
一番不安を大きくする。","家計を見直すとき、最初に決めたことがあります。

「責めない」こと。

毎月いくら入って、いくら出ているか。固定費、変動費、臨時の支出に分けて書き出すだけ。

分からないままが、いちばん不安を大きくするんですよね。

見えるようになると、次にやることが自然と分かりました。",
2026-10-05,images/page-14.jpg,"見直すなら、まず固定費から。

全部削るのではなく、
満足度の低い支出から。","見直すなら、まず固定費から。

一度決めると、毎月勝手に出ていくお金だからです。通信費、サブスク、保険、住居費。

ただ、全部を削るのではなく、満足度の低いものから。安くする前に、必要な保障や条件はちゃんと確認して。

そして浮いたお金は、安心のために先取りする。

使っていないサブスク、ありませんか？",
2026-10-06,images/page-15.jpg,"増やす前に、生活を守る。

生活防衛資金は、
もしものためのクッション。","投資の前に、まず守るお金を作る。

病気、失業、急な修理、家族の事情。「もしも」のためのクッションが、生活防衛資金です。

一般的には、生活費の3〜6か月分がひとつの目安。収入が不安定なら、もっと長めに考えることもあります。

増やす前に、生活を守る。

これがあるだけで、心の余裕がまったく違いました。",
2026-10-07,images/page-16.jpg,"投資の第一歩は、買うことではない。

どんな人たちと、
どんな考え方を学ぶか。","一人で情報を追い続けると、また迷ってしまう。

「今が買い！」「絶対に上がる！」「これを買えば間違いない！」

スマホの中は、相変わらずにぎやかです。

でも投資の第一歩は、買うことではありませんでした。どんな人たちと、どんな考え方を学ぶのか。環境を選ぶことだったんです。

あなたは誰と、お金の話をしていますか？",
2026-10-08,images/page-17.jpg,"この人は、儲かる商品ではなく、
判断の仕方を教えてくれている。

一度聞いて終わりではなく、
続けて学ぶことが大切なんだ。","「資産を築くには、知識だけでなく習慣が必要です」

まず、生活を守る。
次に、分かるものだけを選ぶ。
短期の値動きより、長期の仕組みを見る。
人の言葉を信じる前に、自分で確認する。

聞きながら気づきました。この人は、儲かる商品ではなく、判断の仕方を教えてくれているんだ、と。",
2026-10-09,images/page-18.jpg,"良い環境は、答えをくれる場所ではない。

自分で考え、続ける力を育てる場所だ。","いい環境に身を置けば、それで成功するわけではありません。

仲間と学びながらも、最後は自分で判断する。
小さく行動して、記録する。
短期の値動きに一喜一憂しない。

良い環境は、答えをくれる場所ではなくて、自分で考え続ける力を育てる場所なんだと思います。",
2026-10-10,images/page-19.jpg,"最初の目標は、大きく増やすことじゃない。

仕組みを理解し、
続けられる一歩を選ぶこと。","学んだら、次は小さく行動してみる。

でも、生活を削ってまで始めない。

目的、期間、無理のない金額。それを先に決めてから。分からないことは、確認してから動く。

最初の目標は、大きく増やすことじゃありません。

仕組みを理解して、続けられる一歩を選ぶこと。",
2026-10-11,images/page-20.jpg,"不安だからといって、
すぐに行動しなくていい。

記録は、未来の自分を落ち着かせる材料になる。","値動きを見て、不安になる日があります。

でも、不安だからといって、すぐに行動しなくていい。

そんな日は、ノートを開いて、始めた理由と考えている期間を読み返します。

日付、目的、判断した理由、感じたこと。感情と事実を分けて書いておく。

記録は、未来の自分を落ち着かせる材料になるんです。",
2026-10-12,images/page-21.jpg,"投資は、感情を無視することではない。

感情に気づき、
考えて行動できる自分を作ること。","記録を続けていると、自分の感情のクセが見えてきます。

焦ったときほど、いったん立ち止まる。分からないときは、調べる。質問する。

運用のプロになることが目標ではありません。

投資は、感情を無視することではなくて、感情に気づいて、考えて行動できる自分を作ること。

あなたの「焦りのクセ」、どんなときに出ますか？",
2026-10-13,images/page-22.jpg,"あれから1年。

本当に変わったのは、
数字ではなく、私の行動だった。","あれから、1年。

資産額だけを見れば、毎月上がったり下がったりしています。

でも本当に変わったのは、私の行動でした。

家計を確認する。学ぶ。記録する。振り返る。

お金との向き合い方が少しずつ変わっていって、今は昔の自分とは違う安心感があります。",
2026-10-14,images/page-23.jpg,"良い学びは、
誰かを焦らせるのではなく、
考えるきっかけを渡す。","今度は私が、話を聞いてもらう側から、話す側になりました。

「私がやったことを、そのまま真似しなくて大丈夫」
「焦って始めなくてもいいよ」
「分からないことは、一緒に調べよう」

良い学びは、誰かを焦らせるのではなく、考えるきっかけを渡すものだと思っています。",
2026-10-15,images/page-24.jpg,"お金に追われる人生から、
人生のためにお金を考える毎日へ。","お金を増やすことだけが、目的じゃなかったんです。

お金を守って、時間の使い方を選べるようになること。

完璧じゃなくても、昨日より少し前に進めばいい。

お金に追われる人生から、人生のためにお金を考える毎日へ。

あなたにとって、お金は何のためのものですか？",
2026-10-16,images/page-25.jpg,"続けているのに、これでいいのかな？

迷うこと自体は、悪いことじゃない。","続けているのに、「これでいいのかな？」と思う日があります。

SNSを開けば、周りはもっと増やしているように見える。値動きがあると、やっぱり不安になる。

でも、迷うこと自体は悪いことじゃありません。

そんな日は、何に不安を感じているのかを、まず書き出してみることにしています。",
2026-10-17,images/page-26.jpg,"感情が強いときは、すぐに決めない。

立ち止まることも、
資産を守る行動なんだ。","不安の正体を、分けて考えてみる。

家計の問題？ 目的の問題？ 期間の問題？
それとも、情報を見すぎて焦っているだけ？

分けてみると、意外と「感情」だったりします。

感情が強いときは、すぐに決めない。

立ち止まることも、資産を守る立派な行動なんです。",
2026-10-18,images/page-27.jpg,"不安がなくなるのを、待たなくていい。

不安と向き合う力も、
資産形成の一部なんだ。","不安がなくなるのを、待たなくていい。

不安に気づいて、考えて、行動を選べばいいんです。

計画は、生活に合わせて見直していい。続けることは、無理をすることじゃない。

迷いながらでも、前に進める。

不安と向き合う力も、資産形成の一部なんだと思います。",
2026-10-19,images/page-28.jpg,"お金の話は、
いきなり金額から始めなくていい。

まず、将来どう暮らしたいかを話そう。","家族や仲間とお金の話をするとき、いきなり金額から始めなくていいんです。

まずは、将来どう暮らしたいか。

何を大切にしたい？
いつ、どんなことにお金を使いたい？

目標を共有すると、不思議と協力しやすくなります。

ご家庭で、お金の話ってしますか？",
2026-10-20,images/page-29.jpg,"目標を、時間軸で分けてみる。

全部を同時に叶えなくていい。
大切な順番を、一緒に決めよう。","目標を、時間軸で分けてみる。

近い目標は、緊急時の備えや、学び、生活の見直し。
数年後は、スキルアップや旅行、習い事。
将来は、家族との時間や安定した暮らし、やりたいことへの挑戦。

全部を同時に叶えなくていい。

大切な順番を、一緒に決めていけばいいんです。",
2026-10-21,images/page-30.jpg,"一人で抱えないと、続けやすくなる。

同じ未来を見ながら、
それぞれのペースで進んでいこう。","目標を共有するのは、答えを押しつけるためじゃありません。

今の状況と、次の一歩を確認するため。

意見が違っても、お互いの目標を確認する。一人で抱えないと、続けやすくなるんです。

お金の目標は、人生の目標と一緒に考える。

同じ未来を見ながら、それぞれのペースで進んでいけたらと思います。",
2026-10-22,images/page-31.jpg,"1日は24時間。
体はひとつしかない。

労働の限界に気づくことは、
働くことを否定することじゃない。","働くことは、大切な収入と経験を生んでくれます。

でも、使える時間には限界がある。1日は24時間。体はひとつしかありません。

働く時間を増やし続けるだけでは、いつか限界が来る。

労働の限界に気づくことは、働くことを否定することじゃないんです。

別の仕組みを知る、というだけのこと。",
2026-10-23,images/page-32.jpg,"お金に働いてもらう、というのは魔法じゃない。

まず守る。
仕組みとリスクを理解する。
長い時間を味方にする。","「お金に働いてもらう」というのは、魔法じゃありません。

お金を、目的に合わせた仕組みの中で働かせる考え方です。

まず、生活を守る。
次に、仕組みとリスクを理解する。
そして、長い時間を味方にする。

貯めるだけでも、増やすだけでもない。守りながら、学びながら、活用していく。そういうことなんだと思います。",
2026-10-24,images/page-33.jpg,"働くことと、お金に働いてもらうことは、
敵同士じゃない。

稼ぐ力、守る力、活用する力。","働くことと、お金に働いてもらうことは、敵同士じゃありません。

働いて得たお金を、守って、学んで、将来のために活用する。

自分の時間と体力だけに、すべてを背負わせない。

これからは、稼ぐ力、守る力、活用する力。その3つがそろうと、人生の選択肢がぐっと増える気がします。",
2026-10-25,images/page-34.jpg,"「今だけ！」「絶対に儲かる！」

目先の欲は、判断を急がせる。

まず、守るべきお金を確認しよう。","「今だけ！」「絶対に儲かる！」

周りが一斉に動き出すと、今すぐ乗らないと置いていかれる気がしてきます。

でも、目先の欲は判断を急がせる。

増やしたい気持ちだけで、決めていいの？

そんなときは、まず守るべきお金を確認します。生活防衛資金、目的、期間。よく分からないままとるリスクは、お金を減らすことにつながるからです。",
2026-10-26,images/page-35.jpg,"大きく減らさないことも、
立派な前進。

守る土台があるから、育てていける。","資産形成は、増やすことだけじゃありません。

まず、生活を守る。
次に、リスクを理解する。
無理のない範囲で、長期の計画を作る。

大きく減らさないことも、立派な前進です。

守る土台があるから、育てていける。",
2026-10-27,images/page-36.jpg,"目先の欲より、
長く続けられる安心を選ぶ。

焦らなくていい。
減らさない力が、未来を支える。","急いで増やそうとしない。

守る、学ぶ、続ける。

時間を味方にして、少しずつ育てる。目先の欲より、長く続けられる安心を選ぶ。

しっかり守りながら育てる。それが、長期目線の資産形成なんだと思います。

焦らなくていい。減らさない力が、未来を支えてくれます。",
2026-10-28,images/page-37.jpg,"複利は、利益保証ではない。

長期で考えるための、
ものの見方なんだ。","「複利って、どういうこと？」

生まれた成果を、さらに次の成長につなげること。雪玉が転がりながら大きくなるイメージです。

時間が長いほど、積み重ねの差は大きくなる。

でも、毎年同じ結果になるとは限りません。

複利は利益の保証ではなく、長期で考えるための「見方」なんだと教わりました。",
2026-10-29,images/page-38.jpg,"長期投資は、一直線に増える道じゃない。

下がったからといって、
すぐに結論を出さない。","長期投資は、一直線に増える道じゃありません。

上がる時も、下がる時もある。

下がったからといって、すぐに結論を出さない。目的と期間を、立ち止まって確認する。

時間を味方につけるには、続けられる仕組みが必要なんです。

だから、続けられる金額と方法を選ぶ。",
2026-10-30,images/page-39.jpg,"長期投資は、未来を確実にする魔法じゃない。

それでも、時間を味方につける力は、
今日から育てられる。","複利の力は、時間と継続で育っていく。

あの頃の私は、画面にかじりついていました。今は、小さく始めて、無理なく続けています。

長期投資は、未来を確実にする魔法じゃありません。

それでも、時間を味方につける力は、今日から育てられる。

焦らず、守りながら、長い目で積み重ねていこうと思います。",
2026-10-31,images/page-40.jpg,"知る。守る。学ぶ。続ける。

資産形成は、
増やすことだけじゃなかった。","資産形成は、増やすことだけじゃなかった。

知る。家計を知る。
守る。生活を守る。
学ぶ。学び、記録し、見直す。
続ける。焦らず、長期で考える。

あの頃の私に教えてあげたいのは、この4つだけです。

守りながら、少しずつ育てる。",
2026-11-01,images/page-41.jpg,"今日やること。

家計を確認する。
守るお金の目標を決める。
分からないことを、ひとつ調べる。","今日やること。

・家計を確認する
・守るお金の目標を決める
・信頼できる人から学ぶ時間を作る
・分からないことを、ひとつ調べる
・小さく始めて、記録する

どれも、今日からできることばかりです。

あなたなら、どれから始めますか？",
2026-11-02,images/page-42.jpg,"未来は、一度の大きな決断で
変わるわけじゃない。

今日の小さな選択が、
明日の自分を作っていく。","長いお話に、最後までお付き合いいただきありがとうございました。

疲れていた私。学び始めた私。家計を整えた私。家族や仲間と未来を話す私。

未来は、一度の大きな決断で変わるわけじゃない。今日の小さな選択が、明日の自分を作っていく。

完璧じゃなくていい。焦らなくていい。

ここからが、未来への第一歩です。",
