投稿日,本文
2026-08-27,"お金の勉強を始めて何年も経つのに、いまだにスーパーで値札を二度見してしまう。

こういうの、いつか慣れるものなんでしょうか。

同じ人いますか？"
2026-08-28,"正直に聞きたいんだけど、みんな家計簿って続いてる？"
2026-08-28,"私は3回挫折しました。

1回目は細かく書きすぎて、2回目はアプリを変えすぎて、3回目は理由も覚えていません。"
2026-08-28,"4回目でやっと続いています。

続いた理由は「毎日つけるのをやめた」ことでした。

週に1回、まとめて。それくらいがちょうどよかったです。"
2026-08-29,"貯金の目標額、決めたほうがいいってよく聞くけど。"
2026-08-29,"私はいまだに決められていません。

いくらあれば安心なのか、自分でもわからないままなんです。"
2026-08-29,"数字を決めれば安心できると思っていたけど、たぶん逆でした。

決められないのは、まだ不安の正体がつかめていないからなんだと思います。

みなさんは決めていますか？"
2026-08-30,"節約を意識しているのに、コーヒーだけはいい豆を買ってしまう。"
2026-08-30,"これだけは譲れないんですよね。

全部を削ろうとした時期もあったけど、そういうときほど続かなかった。"
2026-08-30,"我慢の量より、続く仕組みのほうが大事なのかもしれません。

みんなの「ここだけは削れない」ものって何ですか？"
2026-08-31,"5年前の私に一言だけ言えるなら、「その情報、全部追わなくていいよ」かな。"
2026-08-31,"当時は知らないと損する気がして、必死でした。

保存した記事も、フォローしたアカウントも、増える一方で。"
2026-08-31,"今のほうが、知っていることは少ないかもしれません。

でも迷う時間はずいぶん減りました。"
2026-09-01,"子どもの教育費の話になると、いまだに胃のあたりが重くなる。"
2026-09-01,"数字は把握したし、備えもしている。

それでも、ゼロにはならないんですね。"
2026-09-01,"不安と付き合っていくものなのかな、と最近は思っています。

消そうとするより、小さくするほうが現実的なのかもしれません。"
2026-09-02,"「いつか勉強しよう」と思っていた期間が、たぶん3年くらいありました。"
2026-09-02,"始めてみたら、いちばんしんどかったのは始める前の3年でした。

やらなきゃと思いながら過ごす時間って、けっこう消耗します。"
2026-09-03,"お金の話って、なんで身近な人ほどしにくいんでしょう。"
2026-09-03,"友達にも家族にも言えなくて、ずっと一人で調べていました。

調べるほど、誰にも聞けなくなっていく感じもあって。"
2026-09-03,"みんなは誰かに相談できていますか？"
2026-09-04,"今日、久しぶりに衝動買いをしました。"
2026-09-04,"反省はしているけど、後悔はしていません。

こういう日があってもいい、と思えるようになったのは最近です。"
2026-09-05,"「守る」って地味だなあ、と今でも思う日があります。"
2026-09-05,"増えた話は盛り上がるけど、減らなかった話では誰も盛り上がらないので。

報告することもないし、褒められることもない。"
2026-09-05,"でも夜はよく眠れます。

いまのところ、それがいちばんの成果かもしれません。"
2026-09-06,"退職後のお金のこと、親と話せていますか。"
2026-09-06,"私はまだ切り出せていません。

聞いたほうがいいとわかっているのに、なかなか言葉が出てこない。"
2026-09-06,"いつか話さなきゃ、と思いながら何年も経ちました。

みなさんはどうやって切り出しましたか？"
2026-09-07,"学び始めた頃、いちばん困ったのは「何がわからないのかがわからない」ことでした。"
2026-09-07,"質問すらできない時期って、ありますよね。

検索しても、その言葉自体を知らないから調べようがなくて。"
2026-09-07,"抜けたきっかけは、詳しい人に「わからないことがわからない」とそのまま言ったことでした。"
2026-09-08,"「本日中のお申し込みで」という文字を見ると、いまだにちょっと心が動きます。"
2026-09-08,"動いたあと、お茶を飲んで冷ますようにしています。

これが今のところ、いちばん効く対策です。"
2026-09-08,"急かされたときこそ、一晩おく。

わかっていても難しいので、仕組みにしてしまいました。"
2026-09-09,"地味だけど効いた、お金まわりの習慣を教えてください。"
2026-09-09,"ちなみに私は「買う前に一晩置く」です。

翌朝いらないと思うものが、想像以上に多かったです。"
2026-09-10,"数字に強くなりたい、とずっと思っていました。"
2026-09-10,"でも実際に必要だったのは、数字より「決める力」でした。

計算はできても、決められない。ここでずっと止まっていました。"
2026-09-10,"いまだに苦手です。

決めるのって、練習するしかないんでしょうか。"
2026-09-11,"人と比べないようにしよう、と決めた日から、比べる回数が増えました。"
2026-09-11,"意識するとかえって気になるんですね。

見ないようにするほど、気配を探してしまう。"
2026-09-11,"どうやったらやめられるんでしょう。"
2026-09-12,"お金のことを学んで、いちばん変わったのは家計簿でも投資でもありませんでした。"
2026-09-12,"寝る前のスマホの見方でした。

チャートを開かなくなった、それだけです。"
2026-09-12,"でもそれだけで、睡眠の質がまるで違いました。"
2026-09-13,"「余裕ができたら始めよう」"
2026-09-13,"その余裕、いつまで待っても来なかったです。

結局いちばん余裕がない時期に始めました。"
2026-09-13,"余裕は、できるものじゃなくて作るものだったのかもしれません。"
2026-09-14,"今日は何もできませんでした。"
2026-09-14,"続けるって、毎日やることじゃなくて、やめないことなんだと自分に言い聞かせています。

一日空けたくらいで、崩れたりしない。"
2026-09-15,"詐欺の手口を調べていたら、こわくなって何もできなくなった時期があります。"
2026-09-15,"守ろうとしすぎると動けなくなる。

この加減が、いまだに難しいです。"
2026-09-15,"知って備えるのと、知って固まるのは違うんですよね。"
2026-09-16,"40代になってから始めても遅くないですか、と聞かれることが増えました。"
2026-09-16,"私も同じことを、誰かに聞いていた側でした。

聞いて、安心して、また何もしないで。"
2026-09-16,"聞いていた期間のほうが、もったいなかったです。"
2026-09-17,"家族にお金の話をしたら、思ったより真剣に聞いてもらえました。"
2026-09-17,"言い出すまでに半年かかったのに。

反対されるか、呆れられるかだと思い込んでいました。"
2026-09-17,"心配していたことの大半は、起きませんでした。"
2026-09-18,"漫画を描き始めて気づいたのですが、自分がいちばん救われていました。"
2026-09-18,"言葉にすると、不安の輪郭がはっきりするんですね。

正体がわかると、大きさも測れる。"
2026-09-19,"「増やす」より「減らさない」を先に考える。"
2026-09-19,"言葉にすると当たり前なのに、実行するのはいまだに難しいです。

わかっていることと、できていることは別物ですね。"
2026-09-20,"お金の不安が完全になくなる日は、たぶん来ないと思っています。"
2026-09-20,"小さくすることはできても、ゼロにはならない。

そう思えてから、少し楽になりました。"
2026-09-20,"ここまで読んでくださっている方、ありがとうございます。

まだ途中の私が書いていますが、途中だからこそ書けることもあると思っています。

あなたはいま、何を学んでいますか？"
2026-09-22,"「お金を増やす方法は働くことだけ」って、誰に教わったわけでもないのに、ずっと信じてた。

みんなは、いつ気づきました？"
2026-09-23,"学校でお金のこと、何か習った記憶ありますか？

私は「無駄遣いしないように」くらいしか覚えていません。"
2026-09-24,"「お金に働いてもらう」って初めて聞いたとき、正直ちょっと引きました。

今でも「投資」って言葉を口に出すの、少し緊張します。"
2026-09-25,"調べれば調べるほど、分からなくなる夜ってありませんか。

昨日の私は動画を3本見て、結局なにもしないで寝ました。"
2026-09-26,"恥ずかしい話、最初の失敗は12万円でした。

誰にも言えなくて、しばらく家計簿からも目をそらしてた。

失敗から、どうやって立ち直りました？"
2026-09-27,"「増やすより、減らさないほうが大事」

頭では分かってるのに、増えてる人の話を聞くとやっぱり焦る。

この焦り、いつか消えるのかな。"
2026-09-28,"正直に言うと、私はまだ「労働脳」の時間のほうが長いです。

平日はほとんど、働いて、帰って、寝るだけ。"
2026-09-29,"「時間を味方に」って言われても、毎日が早すぎて味方にできている気がしない。

みんな、自分の時間ってどこで作ってますか？"
2026-09-30,"「焦らなくていい」って人に言うのは簡単なのに、自分には全然言えない。

今日も少し焦っています。"
2026-10-01,"お金のこと、誰に相談してますか？

私は長いこと、誰にも聞けませんでした。聞いたら負けな気がして。"
2026-10-02,"「月利◯◯%」みたいな話、SNSで見かけるたびにドキッとします。

昔の私なら、たぶん話を聞きに行ってた。"
2026-10-03,"家計簿、今月もう3日サボってます。

習慣化って、いちばん大事で、いちばん難しい。"
2026-10-04,"家計を見るのが怖かった時期があります。

数字を見ると、自分を責める材料ばかり見つかる気がして。

同じ人、いませんか？"
2026-10-05,"使ってないサブスク、さっき2つ見つけました。

毎月ちゃんと払ってたんだなと思うと、ちょっと笑ってしまった。"
2026-10-06,"生活防衛資金、まだ目標の半分です。

「投資の前にまず守る」って分かってても、地味すぎて心が折れそうになる。"
2026-10-07,"お金の話を気軽にできる友達って、いますか？

私はずっといなくて、ひとりで調べて、ひとりで迷ってました。"
2026-10-08,"「何を買えばいい？」じゃなくて「どう判断すればいい？」を聞けるようになったのは、つい最近です。"
2026-10-09,"人の意見に流されやすい自覚があります。

だから最近は、決める前に一晩寝かせることにしました。"
2026-10-10,"生活を削ってまで始めない。

これ、昔の私にいちばん言いたい。食費を削って積み立てて、結局続かなかったので。"
2026-10-11,"不安になった日のことをノートに書くようにしてから、少しだけ眠れるようになりました。

書くだけで、ちょっと落ち着くんですよね。"
2026-10-12,"値動きを毎日見ていた頃は、1日に何回もアプリを開いてました。

見る回数を減らしても何も困らなかった、というのが一番の発見です。"
2026-10-13,"1年前の家計簿を見返したら、字が荒れていて笑いました。

数字より先に、字が落ち着いてきたみたいです。"
2026-10-14,"「どうしてる？」と聞かれて、うまく答えられないことがあります。

私もまだ途中なので。途中の話でもいいのかな。"
2026-10-15,"何のために貯めてるのか、ときどき分からなくなります。

みんなは、何のためにお金を貯めていますか？"
2026-10-16,"SNSを見ていると、みんな私より上手くいっているように見える。

見なければいいのに、見てしまう夜。"
2026-10-17,"今日は何も決めない日にしました。

気持ちがざわついている日は、それがいちばんの守りだと思うので。"
2026-10-18,"不安をゼロにするのは、あきらめました。

小さくして、付き合っていく。それくらいがちょうどいい気がしています。"
2026-10-19,"家族とお金の話をすると、なぜかいつも少し気まずくなります。

ご家庭では、どうやって話していますか？"
2026-10-20,"教育費と老後資金、どっちを優先すればいいのか、何年も決められませんでした。

今も、正直ちょっと迷っています。"
2026-10-21,"お金のことって、どうしてこんなに人に話しにくいんでしょうね。

ひとりで抱えてる人、実はたくさんいる気がします。"
2026-10-22,"疲れて帰ってきて「これをあと何年続けるんだろう」と思う夜があります。

みなさんは、そんな夜どうしてますか？"
2026-10-23,"「お金に働いてもらう」って、昔は魔法みたいに聞こえていました。

実際は、すごく地味で、すごく時間のかかる話でした。"
2026-10-24,"働くのが嫌になったわけじゃないんです。

ただ、働くことだけに全部を背負わせるのが、しんどくなっただけで。"
2026-10-25,"「絶対」って言葉を見たら、いったんスマホを置くようにしています。

これ、何回失敗したら身についたんだろう。"
2026-10-26,"今月、特に何も増えていません。

でも、減ってもいない。それだけでちょっと自分をほめたい。"
2026-10-27,"この年齢から始めて、間に合うのかなって今でも思います。

同じように思っている人、いますか？"
2026-10-28,"複利の説明、何回聞いてもピンとこなかったんです。

雪だるまで例えられて、やっと分かりました。"
2026-10-29,"下がった月は、やっぱり見るのがつらい。

「すぐ結論を出さない」って、自分に何回も言い聞かせています。"
2026-10-30,"昔の私は、明日すぐに結果が欲しかった。

今は、1年後の自分がちょっと楽ならいいと思っています。"
2026-10-31,"知る、守る、学ぶ、続ける。

いちばん難しいのは、たぶん最後の「続ける」ですよね。"
2026-11-01,"今日やることを1つだけ決めるなら、何にしますか？

私は、レシートを捨てる前に1回だけ見ることにします。"
2026-11-02,"「ここからが第一歩」って、もう何回目の第一歩だろうと思うことがあります。

でも、何回やり直してもいいんですよね。明日もまた、少しずつ。"
