検索キーワード,アカウント名,投稿本文,いいね数,コメント数,フック,文字数,型
老後資金,@ruritama_meg,"私、収入に見合わない生活なんだろか。周りは、めちゃくちゃ優雅に暮らせてる。なんか凹む。55歳。本当に貯蓄も無いし毎月、厳しい。多肉植物、編み物も本当はしちゃいけないのかも。って思う。でもさ、母子家庭でずっとやってきたのに、だらしないだけなのかな。老後資金本当にない。そんな方、居ますか？",6237,170,"私、収入に見合わない生活なんだろか。",145,弱さの告白＋仲間探し
節約,@tktr3333,"妻曰く、100円くらいの晩御飯らしい。普通に旨いし、いつも節約ありがとう。家計のことを考えて、工夫してくれる妻には感謝しかありません。",5769,204,"妻曰く、100円くらいの晩御飯らしい。",68,日常の一場面＋感謝
節約,@yuto__papa_kenkou,"正直に聞きたいんだけど…みんなどうやってお金貯めてるの？支払い終わったらもうほぼ残ってない。節約してるつもりなのに貯めるお金が出てこない。同じ人います？",5287,229,"正直に聞きたいんだけど…",76,弱さの告白＋仲間探し
節約,@rabbit.8879164,"節約のためにクイックルワイパーのシートも買うのを辞めて、雑巾で食器洗剤と水で床拭きをしようと思うのですが、そういう主婦の節約術みたいなのあれば教えていただけませんか？今までと同じように普通に暮らしてるだけなのに毎月の出費が多くなってきて、、削れるものは削っていこうかと思います。",3966,161,"節約のためにクイックルワイパーのシートも買うのを辞めて",139,教えて（質問）
節約,@___myataro,"私は節約生活を意識しているのにも関わらず、ちょっと良い塩を使っています。その塩でおにぎり作ると本当に美味しいから、心が貧しくならずに自炊を続けられてます。給料日なので、その塩の詰替買いました。っていう他人からしたらどうでも良いつぶやきでした。",2923,125,"私は節約生活を意識しているのにも関わらず、ちょっと良い塩を使っています。",120,ゆるい本音（矛盾の告白）
貯金,@74xfas,"もう病気。お金ないと思ってもカードで服買ってしまう。子供が小さい頃は貯金するべきとよく聞くけども使ってしまう。服やバッグ買うのほんと辞めたい。みんな貯金できてるの？",2281,116,"もう病気。",82,弱さの告白＋仲間探し
老後資金,@roguri17,"47歳、独身のおっさん。資産運用してるけど、ふと思う。これ、俺が死んだら結局は国に帰るだけなんよな。……なんのために増やしてんだろ。",1906,344,"47歳、独身のおっさん。",66,問い（意味を問う）
貯金,@bigb.minima,"給料が入っても支払いでほとんど消えていく。貯金できない…同じ人いますか？",1865,98,"給料が入っても支払いでほとんど消えていく。",36,弱さの告白＋仲間探し
節約,@setsuyaku_55,"貯金が趣味の方、おすすめの節約法を知りたいです！収入が多いかたではなく、節約で貯金しているかたに教えていただきたいです。固定支出を見直しまくったので、もう削れないと思っています．でも、もっと支出を減らしたい…！！！",1608,76,"貯金が趣味の方、おすすめの節約法を知りたいです！",107,教えて（質問）
資産形成,@reinyan07,"もう年金いらないんで、自分で資産形成するんで、とりあえず返してもらっていいですか…？",6444,40,"もう年金いらないんで、",41,短い言い切り（共感される本音）
教育費,@mamasaifu_mamoru,"はっきり言いますが「返さなくていい奨学金」を知らない人が多すぎる。子ども1人にかかる教育費って公立でも1,000万円は必要。お金のせいで進学を諦めるのは勿体無い。キーエンスは大学生に毎月10万円くれる。他にもニトリ、コカコーラ、DAISOまでも、親も子どもも絶対に知っておきたい制度は",1375,20,"はっきり言いますが「返さなくていい奨学金」を知らない人が多すぎる。",140,断言＋具体名＋続きが気になる
老後資金,@yuto__papa_kenkou,"50代の焦り。老後資金。考えない日はない。でも現実は税金。物価高。生活費。なかなか思うように貯まらない。同じ人いますか？",1173,79,"50代の焦り。",60,弱さの告白＋仲間探し
節約,@153_43_27,"地味だけどちりつもになる節約術教えてください",1090,81,"地味だけどちりつもになる節約術教えてください",21,教えて（質問）
節約,@gorie.08,"みんなのちりつも節約術教えて。食事でも日用品でも光熱費でも。ちなみに私は、食器洗剤は4倍くらいに薄めて使う！手が荒れやすいのもあるし意外と泡立つ",499,67,"みんなのちりつも節約術教えて。",70,教えて（質問）＋自分から先出し
貯金,@hiro._.sns,"40代で貯金1,000万超えてる人、どのくらいいると思う？",460,87,"40代で貯金1,000万超えてる人、どのくらいいると思う？",27,問いかけ（数字クイズ）
教育費,@t.m.y.f.0624,"子供2人、高1(私学野球寮生).高2(公立)教育費にかかる金額が大きすぎて自立する歳まで僕たちがもつかどうか不安です。貯金どころか、借金が増えていって。。皆さんはどのようにやり繰りしていますか？",358,35,"子供2人、高1(私学野球寮生).高2(公立)",93,弱さの告白＋仲間探し
新NISA,@heavenlyromance1,"新NISAが2024年に開始されてから、年初360万一括で投資してる人は、＋400万くらいになってます？いま3年目ですが、前年までは360万投資できてましたが、今年は120万しか投資できておらず、それでも＋320万なので。",100,21,"新NISAが2024年に開始されてから、",108,数字報告（伸びにくい）
新NISA,@ryoheifree,"新NISAで投資を始めて32ヶ月目！親子でeMAXIS Slim米国株式に投資した結果。自分：毎月30万円をコツコツ積立→元本960万円→+365万円。長期投資は一番儲かりそうな方法より、自分が続けられる方法を選ぶのが大事だと思っています",29,5,"新NISAで投資を始めて32ヶ月目！",290,実績報告＋長文（伸びにくい）
資産形成,@ryonsmith_coastfireman,"資産5,000万円でコーストFIREして、追加投資をやめました。それでも今は8,000万円。消防士を辞め、今は学童保育で働いています。収入は下がったけど、家族と過ごせる時間は増えました。資産形成のゴールは、いくら貯めたかではなく、何を選べるようになったかだと思っています。お金の不安がなくなっても、今の仕事を続けますか？",41,1,"資産5,000万円でコーストFIREして、追加投資をやめました。",157,成功報告＋問いかけ（伸びにくい）
資産形成,@ponzu_money,"29歳、投資歴6年。コツコツコツコツここまできた〜！子が生まれて色々考える年齢だけど今も楽しみたいし未来のために貯めたいし、、、使うと増やすの両立を意識した資産形成をしてるつもり",170,14,"29歳、投資歴6年（？）",87,実績報告
