日時,投稿日,画像ファイル,プラットフォーム,結果,投稿ID,エラー内容
2026-08-23 23:03:55,2026-08-25,images/1-1.jpg,Threads,成功,18083085476442528,
2026-08-23 23:04:13,2026-08-25,images/1-2.jpg,Threads,成功,18109762478025627,
2026-08-23 23:04:29,2026-08-25,images/1-3.jpg,Threads,成功,18126794956758967,
2026-08-24 06:44:39,2026-08-24,images/2-1.jpg,Threads,成功,18164191450471743,
2026-08-24 06:44:55,2026-08-24,images/2-2.jpg,Threads,成功,18612508024025298,
2026-08-24 06:45:11,2026-08-24,images/2-3.jpg,Threads,成功,18029317703667326,
2026-08-25 00:24:31,2026-08-23,instagram:images/1-1.jpg,Instagram,成功,18091522619559806,
2026-08-25 00:31:01,2026-08-24,instagram:images/2-1.jpg,Instagram,成功,18073470710709319,
2026-08-25 06:57:44,2026-08-25,images/3-1.jpg,Threads,成功,18149120440545006,
2026-08-25 06:58:02,2026-08-25,images/3-2.jpg,Threads,成功,18108347132125645,
2026-08-25 06:58:18,2026-08-25,images/3-3.jpg,Threads,成功,18113657525067021,
2026-08-25 06:59:00,2026-08-25,instagram:images/3-1.jpg,Instagram,成功,18465617566116307,
2026-08-26 06:57:26,2026-08-26,images/4-1.jpg,Threads,成功,18163972177465088,
2026-08-26 06:57:47,2026-08-26,images/4-2.jpg,Threads,成功,18140215723510028,
2026-08-26 06:58:05,2026-08-26,images/4-3.jpg,Threads,成功,18118313180303250,
2026-08-26 06:58:48,2026-08-26,instagram:images/4-1.jpg,Instagram,成功,18102195815251603,
2026-08-28 00:01:04,2026-08-27,text:2026-08-27,Threads,成功,18622026310037341,
2026-08-28 11:26:05,2026-08-28,images/6-1.jpg,Threads,成功,17946039615278660,
2026-08-28 11:26:22,2026-08-28,images/6-2.jpg,Threads,成功,17864423040662422,
2026-08-28 11:26:39,2026-08-28,images/6-3.jpg,Threads,成功,18425741572195159,
2026-08-28 11:27:17,2026-08-28,instagram:images/6-1.jpg,Instagram,成功,17929492764415175,
2026-08-29 06:58:00,2026-08-29,text:2026-08-29:1,Threads,成功,17970638129939407,
2026-08-29 06:58:11,2026-08-29,text:2026-08-29:2,Threads,成功,18138827584517624,
2026-08-29 06:58:20,2026-08-29,text:2026-08-29:3,Threads,成功,17939130480090894,
2026-08-29 07:01:00,2026-08-29,images/7-1.jpg,Threads,成功,18113186530969377,
2026-08-29 07:01:16,2026-08-29,images/7-2.jpg,Threads,成功,18162831994471513,
2026-08-29 07:01:32,2026-08-29,images/7-3.jpg,Threads,成功,18011979668941068,
2026-08-29 07:02:16,2026-08-29,instagram:images/7-1.jpg,Instagram,成功,18110036087325053,
2026-08-30 06:05:20,2026-08-30,images/8-1.jpg,Threads,成功,17989639797022290,
2026-08-30 06:05:36,2026-08-30,images/8-2.jpg,Threads,成功,18115559590997933,
2026-08-30 06:05:50,2026-08-30,images/8-3.jpg,Threads,成功,18122336173845996,
2026-08-30 06:06:27,2026-08-30,instagram:images/8-1.jpg,Instagram,成功,18006805574968444,
2026-08-30 21:02:07,2026-08-30,text:2026-08-30:1,Threads,成功,17881229832653032,
2026-08-30 21:02:20,2026-08-30,text:2026-08-30:2,Threads,成功,18048986264653244,
2026-08-30 21:02:31,2026-08-30,text:2026-08-30:3,Threads,成功,18148269154555257,
2026-08-31 06:05:15,2026-08-31,images/9-1.jpg,Threads,成功,18112026418823482,
2026-08-31 06:05:35,2026-08-31,images/9-2.jpg,Threads,成功,17947405119270960,
2026-08-31 06:05:54,2026-08-31,images/9-3.jpg,Threads,成功,18187409806367000,
2026-08-31 06:06:37,2026-08-31,instagram:images/9-1.jpg,Instagram,成功,18123399400846761,
2026-08-31 21:02:02,2026-08-31,text:2026-08-31:1,Threads,成功,18114299260987363,
2026-08-31 21:02:16,2026-08-31,text:2026-08-31:2,Threads,成功,18115425853755482,
2026-08-31 21:02:30,2026-08-31,text:2026-08-31:3,Threads,成功,17903051424555130,
2026-09-01 06:05:34,2026-09-01,images/10-1.jpg,Threads,成功,18175350460440986,
2026-09-01 06:05:51,2026-09-01,images/10-2.jpg,Threads,成功,17909892456288752,
2026-09-01 06:06:07,2026-09-01,images/10-3.jpg,Threads,成功,17955026172237709,
2026-09-01 06:06:49,2026-09-01,instagram:images/10-1.jpg,Instagram,成功,18039335051643050,
2026-09-01 21:03:26,2026-09-01,text:2026-09-01:1,Threads,成功,18353098723218076,
2026-09-01 21:03:38,2026-09-01,text:2026-09-01:2,Threads,成功,18065262548591446,
2026-09-01 21:03:50,2026-09-01,text:2026-09-01:3,Threads,成功,18048142139805171,
2026-09-02 06:09:42,2026-09-02,images/11-1.jpg,Threads,成功,18430392538176982,
2026-09-02 06:09:59,2026-09-02,images/11-2.jpg,Threads,成功,18107045738605596,
2026-09-02 06:10:14,2026-09-02,images/11-3.jpg,Threads,成功,18125714224819653,
2026-09-02 06:10:56,2026-09-02,instagram:images/11-1.jpg,Instagram,成功,18114347648000350,
2026-09-02 21:03:19,2026-09-02,text:2026-09-02:1,Threads,成功,17959444338194102,
2026-09-02 21:03:34,2026-09-02,text:2026-09-02:2,Threads,成功,17869812165638238,
2026-09-03 06:08:53,2026-09-03,images/12-1.jpg,Threads,成功,18141579868575422,
2026-09-03 06:09:10,2026-09-03,images/12-2.jpg,Threads,成功,18132852031635825,
2026-09-03 06:09:27,2026-09-03,images/12-3.jpg,Threads,成功,18388918540160305,
2026-09-03 06:10:09,2026-09-03,instagram:images/12-1.jpg,Instagram,成功,17904339291325371,
2026-09-03 21:03:12,2026-09-03,text:2026-09-03:1,Threads,成功,18223232161335027,
2026-09-03 21:03:25,2026-09-03,text:2026-09-03:2,Threads,成功,18115158571944169,
2026-09-03 21:03:36,2026-09-03,text:2026-09-03:3,Threads,成功,18129421777668819,
2026-09-04 06:10:35,2026-09-04,images/13-1.jpg,Threads,成功,18148931149555175,
2026-09-04 06:10:48,2026-09-04,images/13-2.jpg,Threads,成功,18140830231601220,
2026-09-04 06:11:01,2026-09-04,images/13-3.jpg,Threads,成功,18211740889347630,
2026-09-04 06:11:35,2026-09-04,instagram:images/13-1.jpg,Instagram,成功,18144132892567687,
2026-09-04 21:03:11,2026-09-04,text:2026-09-04:1,Threads,成功,18134710675627436,
2026-09-04 21:03:25,2026-09-04,text:2026-09-04:2,Threads,成功,17917977666431776,
2026-09-05 06:09:17,2026-09-05,images/14-1.jpg,Threads,成功,17887353933458981,
2026-09-05 06:09:39,2026-09-05,images/14-2.jpg,Threads,成功,18124134931819569,
2026-09-05 06:09:56,2026-09-05,images/14-3.jpg,Threads,成功,18101472260246859,
2026-09-05 06:10:35,2026-09-05,instagram:images/14-1.jpg,Instagram,成功,18189452887397559,
2026-09-05 21:02:45,2026-09-05,text:2026-09-05:1,Threads,成功,17879347554625985,
2026-09-05 21:02:58,2026-09-05,text:2026-09-05:2,Threads,成功,17874493608563885,
2026-09-05 21:03:08,2026-09-05,text:2026-09-05:3,Threads,成功,17984830926067506,
2026-09-06 06:08:48,2026-09-06,images/15-1.jpg,Threads,成功,17904815952480227,
2026-09-06 06:09:03,2026-09-06,images/15-2.jpg,Threads,成功,17894802057397336,
2026-09-06 06:09:18,2026-09-06,images/15-3.jpg,Threads,成功,17895059019397481,
2026-09-06 06:09:58,2026-09-06,instagram:images/15-1.jpg,Instagram,成功,18098954546367442,
2026-09-06 21:02:58,2026-09-06,text:2026-09-06:1,Threads,成功,18624282163044591,
2026-09-06 21:03:10,2026-09-06,text:2026-09-06:2,Threads,成功,18144826810584881,
2026-09-06 21:03:23,2026-09-06,text:2026-09-06:3,Threads,成功,18623431903042728,
2026-09-07 06:08:49,2026-09-07,images/16-1.jpg,Threads,成功,18153218650509519,
2026-09-07 06:09:06,2026-09-07,images/16-2.jpg,Threads,成功,18087863105208263,
2026-09-07 06:09:22,2026-09-07,images/16-3.jpg,Threads,成功,18126397241508760,
2026-09-07 06:10:09,2026-09-07,instagram:images/16-1.jpg,Instagram,成功,18113718407095868,
2026-09-07 21:03:27,2026-09-07,text:2026-09-07:1,Threads,成功,18176011777427963,
2026-09-07 21:03:38,2026-09-07,text:2026-09-07:2,Threads,成功,18125733784765724,
2026-09-07 21:03:49,2026-09-07,text:2026-09-07:3,Threads,成功,18101750132338078,
2026-09-08 06:09:41,2026-09-08,images/17-1.jpg,Threads,成功,18124318843822018,
2026-09-08 06:09:59,2026-09-08,images/17-2.jpg,Threads,成功,18173395366443121,
2026-09-08 06:10:16,2026-09-08,images/17-3.jpg,Threads,成功,17885994885617012,
2026-09-08 06:10:57,2026-09-08,instagram:images/17-1.jpg,Instagram,成功,18087206702671010,
2026-09-08 21:03:22,2026-09-08,text:2026-09-08:1,Threads,成功,17890269144612356,
2026-09-08 21:03:35,2026-09-08,text:2026-09-08:2,Threads,成功,18109414414864180,
2026-09-08 21:03:47,2026-09-08,text:2026-09-08:3,Threads,成功,18629194303044140,
2026-09-09 06:09:07,2026-09-09,images/18-1.jpg,Threads,成功,18101901257366490,
2026-09-09 06:09:27,2026-09-09,images/18-2.jpg,Threads,成功,18096991664568312,
2026-09-09 06:09:46,2026-09-09,images/18-3.jpg,Threads,成功,17872363620634150,
2026-09-09 06:10:32,2026-09-09,instagram:images/18-1.jpg,Instagram,成功,18095062952388371,
2026-09-09 21:03:23,2026-09-09,text:2026-09-09:1,Threads,成功,17943616605341943,
2026-09-09 21:03:35,2026-09-09,text:2026-09-09:2,Threads,成功,18088237424225884,
2026-09-10 06:09:04,2026-09-10,images/19-1.jpg,Threads,成功,17868563562641765,
2026-09-10 06:09:21,2026-09-10,images/19-2.jpg,Threads,成功,18027421331854642,
2026-09-10 06:09:39,2026-09-10,images/19-3.jpg,Threads,成功,18203778550325048,
2026-09-10 06:10:21,2026-09-10,instagram:images/19-1.jpg,Instagram,成功,18102451082524651,
2026-09-10 21:03:19,2026-09-10,text:2026-09-10:1,Threads,成功,18073304144446534,
2026-09-10 21:03:33,2026-09-10,text:2026-09-10:2,Threads,成功,17951087481039745,
2026-09-10 21:03:44,2026-09-10,text:2026-09-10:3,Threads,成功,18122615356907786,
2026-09-11 06:09:09,2026-09-11,images/20-1.jpg,Threads,成功,18120044804311403,
2026-09-11 06:09:27,2026-09-11,images/20-2.jpg,Threads,成功,17899119993373864,
2026-09-11 06:09:44,2026-09-11,images/20-3.jpg,Threads,成功,18463537066189805,
2026-09-11 06:10:22,2026-09-11,instagram:images/20-1.jpg,Instagram,成功,17969765877159936,
2026-09-11 21:03:00,2026-09-11,text:2026-09-11:1,Threads,成功,18032992664660053,
2026-09-11 21:03:16,2026-09-11,text:2026-09-11:2,Threads,成功,18128948860827168,
2026-09-11 21:03:30,2026-09-11,text:2026-09-11:3,Threads,成功,18006952013779252,
2026-09-12 06:09:15,2026-09-12,images/21-1.jpg,Threads,成功,18025130087856144,
2026-09-12 06:09:31,2026-09-12,images/21-2.jpg,Threads,成功,17883303963501823,
2026-09-12 06:09:48,2026-09-12,images/21-3.jpg,Threads,成功,17951258766254262,
2026-09-12 06:10:24,2026-09-12,instagram:images/21-1.jpg,Instagram,成功,17945446302308176,
2026-09-12 21:02:51,2026-09-12,text:2026-09-12:1,Threads,成功,18165069250473887,
2026-09-12 21:03:04,2026-09-12,text:2026-09-12:2,Threads,成功,17944428633314396,
2026-09-12 21:03:15,2026-09-12,text:2026-09-12:3,Threads,成功,17902608378571231,
2026-09-13 06:09:11,2026-09-13,images/22-1.jpg,Threads,成功,18152318737469962,
2026-09-13 06:09:27,2026-09-13,images/22-2.jpg,Threads,成功,18121001860921910,
2026-09-13 06:09:44,2026-09-13,images/22-3.jpg,Threads,成功,18024043766697178,
2026-09-13 06:10:27,2026-09-13,instagram:images/22-1.jpg,Instagram,成功,17994907206001163,
2026-09-13 21:02:52,2026-09-13,text:2026-09-13:1,Threads,成功,18471920005115014,
2026-09-13 21:03:03,2026-09-13,text:2026-09-13:2,Threads,成功,17907798567538925,
2026-09-13 21:03:16,2026-09-13,text:2026-09-13:3,Threads,成功,17996466077821103,
2026-09-14 06:09:08,2026-09-14,images/23-1.jpg,Threads,成功,18126027871834444,
2026-09-14 06:09:28,2026-09-14,images/23-2.jpg,Threads,成功,17936008410362179,
2026-09-14 06:09:47,2026-09-14,images/23-3.jpg,Threads,成功,17982376332072993,
2026-09-14 06:10:36,2026-09-14,instagram:images/23-1.jpg,Instagram,成功,17991845348868185,
2026-09-14 21:03:24,2026-09-14,text:2026-09-14:1,Threads,成功,18443827123123997,
2026-09-14 21:03:36,2026-09-14,text:2026-09-14:2,Threads,成功,17900872995583969,
2026-09-15 06:09:40,2026-09-15,images/24-1.jpg,Threads,成功,18140331895607498,
2026-09-15 06:09:57,2026-09-15,images/24-2.jpg,Threads,成功,17953868973081121,
2026-09-15 06:10:13,2026-09-15,images/24-3.jpg,Threads,成功,18473025586113028,
2026-09-15 06:10:50,2026-09-15,instagram:images/24-1.jpg,Instagram,成功,18061589066612178,
2026-09-15 21:03:22,2026-09-15,text:2026-09-15:1,Threads,成功,18093764429320313,
2026-09-15 21:03:35,2026-09-15,text:2026-09-15:2,Threads,成功,17900915007594535,
2026-09-15 21:03:47,2026-09-15,text:2026-09-15:3,Threads,成功,17879700363534035,
2026-09-16 06:09:28,2026-09-16,images/25-1.jpg,Threads,成功,18623987722057220,
2026-09-16 06:09:44,2026-09-16,images/25-2.jpg,Threads,成功,18108635234592345,
2026-09-16 06:09:58,2026-09-16,images/25-3.jpg,Threads,成功,18128368360751538,
2026-09-16 06:10:37,2026-09-16,instagram:images/25-1.jpg,Instagram,成功,17920292865221377,
2026-09-16 21:03:22,2026-09-16,text:2026-09-16:1,Threads,成功,18130496146707478,
2026-09-16 21:03:34,2026-09-16,text:2026-09-16:2,Threads,成功,17910813237288526,
2026-09-16 21:03:45,2026-09-16,text:2026-09-16:3,Threads,成功,17897965314669857,
2026-09-17 06:10:15,2026-09-17,images/26-1.jpg,Threads,成功,18150577120527951,
2026-09-17 06:10:34,2026-09-17,images/26-2.jpg,Threads,成功,18095919557367589,
2026-09-17 06:10:49,2026-09-17,images/26-3.jpg,Threads,成功,17926233558180906,
2026-09-17 06:11:30,2026-09-17,instagram:images/26-1.jpg,Instagram,成功,18112010498039039,
2026-09-17 21:02:57,2026-09-17,text:2026-09-17:1,Threads,成功,18627733924012238,
2026-09-17 21:03:10,2026-09-17,text:2026-09-17:2,Threads,成功,18115587578078862,
2026-09-17 21:03:20,2026-09-17,text:2026-09-17:3,Threads,成功,18113993486053186,
2026-09-18 21:03:07,2026-09-18,text:2026-09-18:1,Threads,成功,18116560121314835,
2026-09-18 21:03:18,2026-09-18,text:2026-09-18:2,Threads,成功,18011362394958159,
2026-09-19 23:57:49,2026-09-19,text:2026-09-19:1,Threads,成功,18106087913196273,
2026-09-19 23:58:02,2026-09-19,text:2026-09-19:2,Threads,成功,17973625623133254,
2026-09-22 08:49:37,2026-09-22,images/page-01.jpg,Threads,成功,18144709963576110,
2026-09-23 00:52:40,2026-09-22,text:2026-09-22:1,Threads,成功,17875631334566893,
2026-09-23 08:29:41,2026-09-23,images/page-02.jpg,Threads,成功,17975061792124407,
2026-09-24 00:42:00,2026-09-23,text:2026-09-23:1,Threads,成功,18073282952551981,
2026-09-24 08:25:47,2026-09-24,images/page-03.jpg,Threads,成功,18472541431114592,
2026-09-24 23:54:33,2026-09-24,text:2026-09-24:1,Threads,成功,17938458672380616,
